,16,17,18,19,20,21,22,23,24,25,26,30,31,32,33,35,36,37,38,39,40,41,42,43,44,45,46,47
t / h,pH,pH,pH,pH,pH,pH,pH,pH,pH,pH,pH,pH,pH,pH,pH,pH,pH,pH,pH,pH,pH,pH,pH,pH,pH,pH,pH,pH
0,8.211,8.194,8.2,8.197,8.206,8.207,8.201,8.214,8.214,8.217,8.202,8.204,8.203,8.214,8.214,8.216,8.205,8.189,8.221,8.206,8.215,8.215,8.205,8.196,8.196,8.201,8.194,8.204
0.001388889,8.208,8.193,8.197,8.193,8.204,8.206,8.19,8.211,8.213,8.216,8.199,8.195,8.195,8.21,8.203,8.215,8.204,8.164,8.215,8.205,8.212,8.214,8.201,8.192,8.194,8.199,8.185,8.203
0.002777778,8.198,8.192,8.183,8.187,8.199,8.204,8.17,8.195,8.207,8.206,8.181,8.166,8.181,8.19,8.18,8.203,8.192,8.148,8.187,8.188,8.184,8.21,8.184,8.139,8.192,8.188,8.143,8.194
0.004166667,8.175,8.186,8.171,8.186,8.197,8.203,8.158,8.178,8.187,8.184,8.167,8.149,8.16,8.176,8.165,8.169,8.159,8.136,8.16,8.149,8.158,8.172,8.144,8.116,8.184,8.146,8.123,8.161
0.005555556,8.163,8.175,8.165,8.184,8.195,8.201,8.145,8.163,8.168,8.164,8.15,8.138,8.131,8.168,8.155,8.143,8.136,8.13,8.151,8.135,8.142,8.152,8.13,8.108,8.124,8.123,8.105,8.135
0.006944444,8.153,8.157,8.158,8.181,8.194,8.201,8.135,8.151,8.155,8.154,8.14,8.127,8.121,8.159,8.149,8.127,8.118,8.123,8.145,8.126,8.129,8.134,8.12,8.096,8.103,8.109,8.095,8.115
0.008333333,8.146,8.147,8.153,8.178,8.192,8.201,8.126,8.142,8.145,8.145,8.131,8.122,8.112,8.154,8.144,8.115,8.105,8.117,8.138,8.118,8.122,8.126,8.11,8.085,8.097,8.097,8.084,8.102
0.009722222,8.137,8.14,8.148,8.175,8.191,8.2,8.117,8.13,8.134,8.135,8.122,8.117,8.106,8.15,8.139,8.101,8.094,8.112,8.132,8.111,8.116,8.117,8.102,8.074,8.084,8.087,8.073,8.091
0.011111111,8.128,8.133,8.143,8.17,8.19,8.199,8.108,8.121,8.121,8.124,8.115,8.11,8.099,8.145,8.135,8.091,8.082,8.106,8.127,8.105,8.109,8.11,8.095,8.065,8.072,8.077,8.063,8.081
0.0125,8.121,8.126,8.138,8.166,8.189,8.199,8.102,8.113,8.112,8.116,8.109,8.104,8.093,8.14,8.131,8.082,8.072,8.101,8.123,8.097,8.102,8.105,8.088,8.055,8.06,8.068,8.054,8.071
0.013888889,8.114,8.119,8.133,8.163,8.187,8.198,8.094,8.106,8.104,8.11,8.099,8.099,8.087,8.137,8.128,8.074,8.064,8.096,8.118,8.092,8.096,8.098,8.082,8.045,8.05,8.06,8.044,8.062
0.015277778,8.106,8.112,8.128,8.16,8.185,8.198,8.085,8.099,8.096,8.103,8.092,8.093,8.082,8.134,8.125,8.067,8.057,8.091,8.114,8.086,8.09,8.091,8.075,8.038,8.039,8.051,8.033,8.055
0.016666667,8.099,8.104,8.124,8.156,8.184,8.199,8.078,8.091,8.089,8.095,8.084,8.086,8.076,8.129,8.121,8.061,8.051,8.087,8.11,8.081,8.084,8.085,8.069,8.032,8.029,8.044,8.027,8.047
0.018055556,8.092,8.098,8.119,8.154,8.183,8.198,8.071,8.082,8.083,8.088,8.077,8.082,8.071,8.126,8.118,8.054,8.044,8.083,8.106,8.076,8.08,8.079,8.063,8.026,8.019,8.037,8.021,8.04
0.019444444,8.086,8.092,8.115,8.15,8.182,8.197,8.064,8.074,8.072,8.079,8.07,8.077,8.066,8.124,8.114,8.045,8.036,8.079,8.103,8.07,8.076,8.073,8.057,8.019,8.01,8.03,8.014,8.033
0.020833333,8.078,8.086,8.111,8.146,8.181,8.196,8.057,8.067,8.064,8.072,8.063,8.073,8.062,8.121,8.111,8.038,8.03,8.075,8.099,8.064,8.074,8.068,8.052,8.013,8.003,8.022,8.008,8.026
0.022222222,8.072,8.08,8.107,8.145,8.18,8.193,8.049,8.058,8.057,8.065,8.056,8.069,8.058,8.118,8.109,8.032,8.023,8.072,8.095,8.06,8.066,8.063,8.048,8.005,7.997,8.016,8.002,8.019
0.023611111,8.066,8.075,8.104,8.143,8.178,8.191,8.043,8.052,8.05,8.059,8.049,8.064,8.054,8.115,8.106,8.026,8.016,8.068,8.092,8.056,8.06,8.057,8.042,8,7.989,8.009,7.994,8.012
0.025,8.06,8.069,8.1,8.141,8.177,8.19,8.037,8.046,8.043,8.052,8.043,8.06,8.05,8.111,8.103,8.02,8.01,8.065,8.09,8.05,8.054,8.053,8.036,7.994,7.981,8.003,7.988,8.004
0.026388889,8.054,8.064,8.096,8.14,8.176,8.189,8.028,8.039,8.037,8.045,8.036,8.055,8.045,8.108,8.101,8.014,8.004,8.061,8.087,8.047,8.05,8.049,8.032,7.989,7.972,7.997,7.983,7.999
0.027777778,8.048,8.058,8.091,8.138,8.175,8.189,8.022,8.032,8.03,8.039,8.03,8.051,8.042,8.106,8.098,8.008,7.998,8.058,8.083,8.043,8.046,8.044,8.028,7.983,7.965,7.992,7.978,7.993
0.029166667,8.042,8.053,8.088,8.134,8.174,8.189,8.017,8.024,8.022,8.032,8.025,8.048,8.037,8.103,8.095,8.003,7.991,8.055,8.081,8.039,8.043,8.04,8.024,7.977,7.959,7.986,7.972,7.987
0.030555556,8.037,8.048,8.085,8.132,8.173,8.189,8.012,8.019,8.015,8.026,8.019,8.045,8.034,8.101,8.093,7.997,7.987,8.052,8.079,8.036,8.039,8.036,8.02,7.971,7.953,7.98,7.967,7.981
0.031944444,8.032,8.043,8.082,8.131,8.172,8.188,8.006,8.013,8.008,8.021,8.012,8.041,8.031,8.099,8.09,7.992,7.982,8.049,8.076,8.033,8.035,8.031,8.015,7.966,7.947,7.974,7.961,7.976
0.033333333,8.027,8.039,8.079,8.13,8.171,8.187,8,8.008,8.003,8.015,8.006,8.038,8.027,8.097,8.089,7.987,7.977,8.046,8.073,8.029,8.032,8.027,8.012,7.961,7.94,7.969,7.956,7.97
0.034722222,8.022,8.033,8.076,8.128,8.17,8.187,7.994,8.002,7.997,8.009,8.002,8.034,8.024,8.094,8.086,7.982,7.971,8.044,8.071,8.025,8.028,8.024,8.009,7.957,7.934,7.964,7.951,7.964
0.036111111,8.017,8.029,8.072,8.126,8.169,8.186,7.987,7.996,7.991,8.004,7.997,8.031,8.021,8.091,8.084,7.976,7.966,8.041,8.068,8.022,8.025,8.02,8.005,7.952,7.927,7.958,7.946,7.959
0.0375,8.012,8.024,8.069,8.124,8.168,8.186,7.982,7.99,7.986,7.998,7.992,8.027,8.017,8.089,8.082,7.972,7.961,8.038,8.066,8.019,8.021,8.017,8.002,7.948,7.921,7.954,7.942,7.954
0.038888889,8.006,8.02,8.066,8.123,8.167,8.186,7.977,7.984,7.979,7.993,7.986,8.024,8.014,8.087,8.08,7.967,7.956,8.036,8.064,8.016,8.018,8.013,7.998,7.943,7.915,7.949,7.938,7.949
0.040277778,8.002,8.016,8.063,8.118,8.166,8.185,7.973,7.979,7.973,7.987,7.981,8.022,8.011,8.085,8.078,7.963,7.951,8.034,8.062,8.013,8.015,8.01,7.995,7.939,7.91,7.943,7.934,7.945
0.041666667,7.997,8.012,8.06,8.116,8.165,8.185,7.968,7.974,7.968,7.983,7.975,8.019,8.009,8.083,8.076,7.959,7.947,8.031,8.06,8.01,8.013,8.007,7.992,7.935,7.905,7.939,7.93,7.94
0.043055556,7.993,8.007,8.056,8.114,8.164,8.185,7.962,7.969,7.963,7.978,7.971,8.015,8.006,8.081,8.074,7.955,7.944,8.029,8.057,8.007,8.009,8.004,7.989,7.929,7.9,7.934,7.924,7.934
0.044444444,7.989,8.003,8.053,8.112,8.163,8.184,7.957,7.964,7.958,7.973,7.966,8.012,8.003,8.078,8.072,7.95,7.939,8.025,8.055,8.004,8.007,8,7.987,7.925,7.894,7.93,7.92,7.93
0.045833333,7.985,7.999,8.05,8.11,8.162,8.184,7.952,7.959,7.953,7.969,7.961,8.009,8,8.076,8.07,7.946,7.933,8.024,8.053,8.002,8.004,7.997,7.984,7.922,7.889,7.926,7.916,7.925
0.047222222,7.981,7.996,8.047,8.108,8.161,8.184,7.948,7.953,7.947,7.963,7.958,8.007,7.997,8.075,8.068,7.942,7.93,8.022,8.051,7.999,8.001,7.994,7.981,7.918,7.885,7.922,7.913,7.921
0.048611111,7.976,7.992,8.044,8.107,8.16,8.184,7.944,7.949,7.943,7.958,7.953,8.004,7.995,8.073,8.066,7.938,7.926,8.019,8.05,7.996,7.998,7.992,7.978,7.915,7.88,7.917,7.909,7.917
0.05,7.972,7.988,8.042,8.105,8.16,8.183,7.94,7.944,7.938,7.954,7.948,8.001,7.993,8.071,8.065,7.934,7.922,8.017,8.048,7.994,7.995,7.989,7.975,7.911,7.876,7.912,7.905,7.913
0.051388889,7.968,7.984,8.039,8.103,8.159,8.182,7.936,7.94,7.933,7.949,7.943,8,7.99,8.069,8.063,7.931,7.918,8.015,8.045,7.991,7.992,7.986,7.973,7.906,7.872,7.909,7.901,7.908
0.052777778,7.964,7.981,8.036,8.102,8.158,8.182,7.93,7.936,7.928,7.945,7.939,7.997,7.987,8.067,8.062,7.927,7.914,8.014,8.044,7.988,7.989,7.983,7.97,7.903,7.866,7.904,7.897,7.904
0.054166667,7.961,7.977,8.033,8.1,8.157,8.182,7.926,7.932,7.924,7.941,7.936,7.994,7.985,8.065,8.059,7.924,7.91,8.011,8.042,7.986,7.987,7.98,7.968,7.899,7.862,7.9,7.894,7.901
0.055555556,7.957,7.973,8.03,8.099,8.157,8.182,7.922,7.926,7.919,7.936,7.932,7.992,7.982,8.063,8.057,7.92,7.906,8.009,8.04,7.984,7.985,7.978,7.965,7.896,7.858,7.897,7.891,7.897
0.056944444,7.952,7.97,8.028,8.098,8.156,8.181,7.918,7.922,7.915,7.933,7.928,7.989,7.98,8.062,8.056,7.916,7.902,8.007,8.038,7.982,7.983,7.975,7.963,7.893,7.854,7.893,7.887,7.893
0.058333333,7.949,7.966,8.026,8.096,8.155,8.181,7.914,7.918,7.911,7.929,7.923,7.987,7.978,8.06,8.054,7.913,7.899,8.006,8.037,7.98,7.98,7.972,7.961,7.89,7.851,7.889,7.883,7.889
0.059722222,7.946,7.963,8.024,8.095,8.154,8.181,7.911,7.914,7.907,7.925,7.92,7.984,7.976,8.059,8.053,7.909,7.896,8.004,8.035,7.977,7.978,7.969,7.959,7.886,7.847,7.886,7.88,7.885
0.061111111,7.942,7.959,8.021,8.094,8.154,8.181,7.907,7.91,7.903,7.921,7.916,7.982,7.973,8.058,8.052,7.905,7.893,8.002,8.033,7.974,7.976,7.968,7.957,7.882,7.843,7.881,7.876,7.881
0.0625,7.939,7.956,8.018,8.093,8.153,8.181,7.904,7.907,7.899,7.917,7.912,7.98,7.971,8.056,8.05,7.903,7.889,8,8.032,7.973,7.973,7.965,7.954,7.879,7.838,7.878,7.873,7.877
0.063888889,7.936,7.954,8.016,8.092,8.151,8.181,7.9,7.903,7.894,7.913,7.909,7.978,7.968,8.054,8.048,7.9,7.886,7.998,8.03,7.971,7.971,7.963,7.952,7.875,7.834,7.875,7.87,7.874
0.065277778,7.931,7.95,8.013,8.091,8.151,8.18,7.895,7.898,7.89,7.909,7.906,7.976,7.966,8.052,8.046,7.897,7.882,7.997,8.028,7.969,7.968,7.96,7.95,7.872,7.831,7.871,7.868,7.87
0.066666667,7.928,7.947,8.011,8.089,8.15,8.18,7.892,7.895,7.886,7.906,7.902,7.973,7.964,8.051,8.045,7.893,7.879,7.996,8.028,7.966,7.966,7.958,7.948,7.869,7.828,7.868,7.865,7.867
0.068055556,7.925,7.944,8.008,8.084,8.149,8.18,7.889,7.891,7.883,7.902,7.898,7.971,7.962,8.05,8.044,7.89,7.876,7.993,8.026,7.964,7.964,7.956,7.945,7.867,7.823,7.865,7.862,7.864
0.069444444,7.922,7.941,8.006,8.083,8.148,8.179,7.885,7.888,7.88,7.899,7.895,7.969,7.96,8.048,8.042,7.888,7.874,7.992,8.025,7.962,7.962,7.953,7.944,7.863,7.82,7.862,7.858,7.861
0.070833333,7.919,7.939,8.004,8.082,8.148,8.179,7.882,7.884,7.875,7.895,7.892,7.967,7.958,8.046,8.041,7.885,7.87,7.99,8.024,7.96,7.96,7.95,7.942,7.86,7.817,7.857,7.855,7.858
0.072222222,7.916,7.935,8.002,8.08,8.147,8.179,7.879,7.881,7.872,7.891,7.889,7.965,7.956,8.044,8.039,7.882,7.866,7.988,8.022,7.958,7.959,7.948,7.94,7.857,7.814,7.855,7.853,7.855
0.073611111,7.912,7.932,7.999,8.079,8.147,8.179,7.875,7.877,7.869,7.888,7.885,7.962,7.954,8.043,8.038,7.879,7.864,7.987,8.021,7.956,7.957,7.946,7.938,7.855,7.81,7.852,7.85,7.852
0.075,7.909,7.929,7.997,8.078,8.146,8.178,7.871,7.874,7.865,7.885,7.882,7.961,7.951,8.041,8.036,7.875,7.86,7.986,8.02,7.955,7.955,7.945,7.936,7.852,7.807,7.849,7.848,7.849
0.076388889,7.906,7.927,7.996,8.076,8.145,8.178,7.867,7.87,7.862,7.882,7.88,7.959,7.95,8.04,8.034,7.873,7.858,7.984,8.019,7.953,7.953,7.942,7.935,7.849,7.804,7.846,7.845,7.846
0.077777778,7.904,7.924,7.993,8.075,8.144,8.178,7.865,7.867,7.858,7.878,7.876,7.957,7.948,8.039,8.034,7.871,7.856,7.983,8.016,7.951,7.952,7.94,7.933,7.847,7.801,7.843,7.842,7.843
0.079166667,7.9,7.922,7.991,8.073,8.143,8.178,7.862,7.864,7.855,7.876,7.872,7.955,7.946,8.037,8.033,7.868,7.853,7.981,8.015,7.949,7.95,7.938,7.931,7.844,7.799,7.839,7.839,7.84
0.080555556,7.898,7.918,7.989,8.072,8.143,8.177,7.859,7.861,7.852,7.873,7.87,7.954,7.944,8.035,8.031,7.866,7.85,7.979,8.014,7.947,7.947,7.936,7.929,7.841,7.796,7.837,7.837,7.837
0.081944444,7.895,7.915,7.987,8.071,8.142,8.177,7.856,7.858,7.849,7.87,7.867,7.952,7.942,8.034,8.03,7.863,7.847,7.978,8.013,7.945,7.945,7.934,7.927,7.839,7.792,7.834,7.834,7.834
0.083333333,7.893,7.913,7.984,8.07,8.142,8.177,7.853,7.855,7.845,7.867,7.864,7.949,7.94,8.033,8.029,7.86,7.844,7.976,8.011,7.943,7.943,7.932,7.926,7.836,7.79,7.832,7.832,7.831
0.084722222,7.89,7.911,7.983,8.068,8.141,8.177,7.85,7.852,7.843,7.863,7.862,7.947,7.938,8.032,8.027,7.857,7.841,7.974,8.01,7.942,7.942,7.931,7.924,7.834,7.787,7.829,7.83,7.828
0.086111111,7.887,7.909,7.981,8.066,8.14,8.177,7.847,7.849,7.84,7.861,7.859,7.946,7.937,8.031,8.026,7.855,7.839,7.973,8.01,7.94,7.94,7.929,7.922,7.831,7.785,7.826,7.827,7.826
0.0875,7.885,7.906,7.979,8.065,8.139,8.176,7.844,7.846,7.837,7.858,7.855,7.944,7.935,8.03,8.024,7.852,7.837,7.972,8.008,7.938,7.938,7.927,7.92,7.828,7.782,7.823,7.825,7.823
0.088888889,7.882,7.903,7.977,8.064,8.139,8.175,7.842,7.843,7.834,7.855,7.853,7.942,7.933,8.028,8.023,7.85,7.834,7.971,8.007,7.936,7.937,7.925,7.918,7.826,7.78,7.82,7.822,7.821
0.090277778,7.88,7.901,7.975,8.063,8.138,8.175,7.839,7.84,7.831,7.853,7.851,7.94,7.931,8.026,8.022,7.848,7.832,7.969,8.004,7.935,7.935,7.923,7.917,7.823,7.777,7.818,7.82,7.818
0.091666667,7.877,7.898,7.973,8.061,8.137,8.175,7.836,7.837,7.829,7.85,7.849,7.938,7.929,8.025,8.021,7.845,7.829,7.967,8.004,7.933,7.933,7.921,7.915,7.821,7.774,7.816,7.818,7.816
0.093055556,7.874,7.896,7.97,8.06,8.136,8.175,7.834,7.835,7.826,7.847,7.846,7.937,7.928,8.024,8.02,7.843,7.827,7.967,8.003,7.932,7.931,7.919,7.914,7.819,7.772,7.813,7.816,7.813
0.094444444,7.872,7.894,7.968,8.059,8.136,8.175,7.832,7.832,7.823,7.845,7.843,7.935,7.926,8.023,8.019,7.841,7.824,7.966,8.002,7.93,7.93,7.917,7.912,7.816,7.77,7.811,7.814,7.811
0.095833333,7.869,7.891,7.967,8.057,8.135,8.175,7.83,7.829,7.82,7.842,7.841,7.933,7.925,8.022,8.018,7.839,7.822,7.964,8.001,7.928,7.928,7.916,7.91,7.814,7.767,7.809,7.812,7.809
0.097222222,7.867,7.889,7.965,8.055,8.135,8.174,7.827,7.826,7.818,7.84,7.838,7.932,7.923,8.02,8.017,7.837,7.819,7.963,7.999,7.926,7.927,7.913,7.909,7.812,7.765,7.806,7.81,7.806
0.098611111,7.865,7.886,7.963,8.054,8.135,8.174,7.825,7.824,7.815,7.837,7.835,7.93,7.921,8.019,8.016,7.835,7.817,7.962,7.998,7.925,7.925,7.912,7.908,7.809,7.763,7.804,7.808,7.803
0.1,7.863,7.884,7.961,8.054,8.134,8.174,7.821,7.822,7.812,7.835,7.833,7.928,7.919,8.018,8.015,7.832,7.815,7.96,7.997,7.924,7.924,7.91,7.906,7.807,7.761,7.802,7.806,7.801
0.101388889,7.861,7.882,7.959,8.053,8.133,8.173,7.819,7.82,7.81,7.833,7.831,7.926,7.918,8.017,8.013,7.83,7.813,7.959,7.996,7.923,7.922,7.909,7.904,7.805,7.758,7.8,7.803,7.799
0.102777778,7.858,7.88,7.957,8.051,8.132,8.173,7.817,7.817,7.808,7.83,7.829,7.924,7.916,8.016,8.011,7.828,7.81,7.958,7.995,7.921,7.92,7.907,7.903,7.803,7.756,7.798,7.802,7.797
0.104166667,7.856,7.878,7.956,8.049,8.131,8.172,7.815,7.814,7.805,7.827,7.827,7.923,7.915,8.015,8.011,7.825,7.809,7.957,7.994,7.919,7.918,7.905,7.902,7.801,7.754,7.795,7.8,7.795
0.105555556,7.854,7.876,7.954,8.048,8.131,8.173,7.812,7.812,7.803,7.825,7.824,7.921,7.913,8.014,8.01,7.823,7.807,7.955,7.993,7.918,7.917,7.904,7.9,7.799,7.752,7.792,7.798,7.793
0.106944444,7.851,7.874,7.952,8.047,8.131,8.173,7.81,7.81,7.8,7.823,7.821,7.92,7.912,8.012,8.008,7.822,7.805,7.954,7.991,7.916,7.916,7.902,7.898,7.797,7.75,7.79,7.796,7.791
0.108333333,7.849,7.871,7.951,8.046,8.13,8.172,7.808,7.808,7.798,7.821,7.82,7.918,7.911,8.012,8.007,7.82,7.803,7.953,7.991,7.915,7.914,7.901,7.897,7.795,7.748,7.789,7.793,7.788
0.109722222,7.848,7.87,7.948,8.044,8.13,8.172,7.805,7.806,7.796,7.819,7.818,7.917,7.909,8.01,8.006,7.817,7.8,7.952,7.99,7.914,7.913,7.899,7.896,7.793,7.746,7.786,7.792,7.786
0.111111111,7.846,7.868,7.947,8.043,8.129,8.172,7.803,7.803,7.794,7.816,7.815,7.915,7.907,8.009,8.005,7.815,7.798,7.951,7.99,7.913,7.911,7.897,7.895,7.791,7.744,7.784,7.79,7.784
0.1125,7.843,7.866,7.946,8.042,8.128,8.171,7.801,7.801,7.791,7.814,7.813,7.914,7.906,8.008,8.004,7.814,7.796,7.949,7.988,7.911,7.91,7.895,7.893,7.789,7.742,7.783,7.788,7.783
0.113888889,7.841,7.864,7.944,8.041,8.128,8.171,7.8,7.799,7.789,7.812,7.811,7.913,7.905,8.007,8.003,7.812,7.794,7.948,7.987,7.909,7.908,7.894,7.891,7.788,7.74,7.781,7.787,7.781
0.115277778,7.839,7.862,7.943,8.04,8.127,8.171,7.798,7.797,7.787,7.81,7.809,7.911,7.903,8.006,8.002,7.81,7.793,7.947,7.986,7.908,7.907,7.893,7.89,7.785,7.738,7.779,7.785,7.779
0.116666667,7.837,7.86,7.941,8.039,8.126,8.171,7.796,7.795,7.785,7.808,7.808,7.91,7.901,8.005,8.001,7.808,7.791,7.946,7.985,7.907,7.906,7.891,7.889,7.783,7.737,7.777,7.783,7.776
0.118055556,7.835,7.858,7.939,8.037,8.126,8.171,7.794,7.793,7.783,7.806,7.806,7.908,7.9,8.004,8,7.806,7.789,7.945,7.984,7.905,7.904,7.89,7.888,7.782,7.735,7.775,7.781,7.775
0.119444444,7.834,7.856,7.937,8.036,8.126,8.171,7.792,7.791,7.781,7.804,7.803,7.906,7.899,8.003,7.999,7.805,7.787,7.944,7.984,7.904,7.903,7.888,7.886,7.78,7.733,7.773,7.78,7.773
0.120833333,7.832,7.854,7.935,8.035,8.125,8.17,7.79,7.788,7.779,7.802,7.801,7.905,7.897,8.001,7.998,7.802,7.785,7.943,7.983,7.902,7.902,7.887,7.885,7.778,7.731,7.771,7.778,7.771
0.122222222,7.829,7.853,7.934,8.033,8.124,8.17,7.787,7.786,7.777,7.8,7.799,7.903,7.896,8,7.997,7.8,7.783,7.942,7.982,7.901,7.9,7.885,7.884,7.777,7.73,7.769,7.777,7.769
0.123611111,7.827,7.851,7.933,8.032,8.123,8.17,7.785,7.784,7.775,7.798,7.798,7.902,7.895,8,7.996,7.799,7.782,7.941,7.981,7.9,7.899,7.884,7.883,7.776,7.729,7.768,7.775,7.767
0.125,7.826,7.848,7.931,8.031,8.123,8.17,7.783,7.783,7.773,7.796,7.797,7.9,7.893,7.999,7.995,7.798,7.78,7.939,7.979,7.898,7.898,7.883,7.882,7.773,7.727,7.766,7.774,7.765
0.126388889,7.824,7.847,7.929,8.03,8.123,8.17,7.781,7.781,7.771,7.794,7.795,7.898,7.892,7.998,7.994,7.796,7.778,7.939,7.979,7.897,7.896,7.881,7.88,7.772,7.725,7.764,7.772,7.763
0.127777778,7.823,7.845,7.927,8.029,8.122,8.17,7.779,7.779,7.769,7.792,7.792,7.897,7.891,7.998,7.993,7.794,7.777,7.938,7.978,7.896,7.895,7.879,7.879,7.77,7.723,7.762,7.77,7.761
0.129166667,7.821,7.844,7.926,8.028,8.121,8.169,7.778,7.777,7.767,7.79,7.79,7.897,7.89,7.997,7.992,7.793,7.775,7.937,7.976,7.895,7.894,7.878,7.878,7.768,7.721,7.761,7.769,7.76
0.130555556,7.819,7.842,7.925,8.027,8.121,8.168,7.776,7.775,7.766,7.788,7.789,7.895,7.888,7.995,7.992,7.791,7.773,7.936,7.976,7.894,7.892,7.877,7.877,7.767,7.72,7.759,7.768,7.759
0.131944444,7.817,7.84,7.924,8.026,8.121,8.168,7.775,7.774,7.764,7.787,7.787,7.894,7.887,7.994,7.991,7.789,7.772,7.934,7.976,7.893,7.891,7.876,7.875,7.765,7.719,7.757,7.766,7.757
0.133333333,7.815,7.838,7.922,8.025,8.12,8.168,7.773,7.772,7.762,7.785,7.785,7.892,7.886,7.993,7.99,7.787,7.77,7.933,7.974,7.891,7.89,7.875,7.874,7.764,7.717,7.756,7.764,7.756
0.134722222,7.814,7.836,7.92,8.023,8.119,8.168,7.772,7.77,7.76,7.783,7.783,7.891,7.884,7.992,7.989,7.786,7.768,7.932,7.973,7.89,7.888,7.873,7.872,7.762,7.716,7.754,7.763,7.754
0.136111111,7.812,7.835,7.919,8.022,8.119,8.167,7.769,7.769,7.758,7.782,7.782,7.889,7.883,7.991,7.988,7.785,7.767,7.931,7.973,7.889,7.887,7.872,7.871,7.761,7.714,7.753,7.761,7.752
0.1375,7.811,7.833,7.917,8.021,8.118,8.167,7.768,7.767,7.757,7.78,7.78,7.888,7.881,7.99,7.988,7.783,7.765,7.93,7.971,7.888,7.886,7.87,7.871,7.759,7.712,7.751,7.76,7.75
0.138888889,7.809,7.831,7.915,8.02,8.118,8.167,7.767,7.765,7.755,7.778,7.779,7.887,7.88,7.989,7.986,7.782,7.763,7.929,7.971,7.886,7.885,7.869,7.87,7.758,7.711,7.75,7.759,7.749
0.140277778,7.807,7.83,7.914,8.019,8.118,8.167,7.765,7.763,7.753,7.777,7.777,7.886,7.879,7.988,7.986,7.78,7.761,7.928,7.97,7.885,7.883,7.867,7.869,7.757,7.71,7.748,7.757,7.748
0.141666667,7.805,7.828,7.914,8.019,8.117,8.167,7.763,7.761,7.752,7.775,7.775,7.885,7.877,7.987,7.985,7.779,7.76,7.928,7.969,7.884,7.882,7.867,7.868,7.755,7.709,7.747,7.756,7.746
0.143055556,7.804,7.826,7.912,8.017,8.116,8.167,7.762,7.76,7.75,7.774,7.773,7.883,7.877,7.987,7.984,7.777,7.758,7.926,7.968,7.883,7.881,7.866,7.866,7.754,7.708,7.745,7.754,7.745
0.144444444,7.803,7.825,7.911,8.016,8.116,8.166,7.76,7.758,7.749,7.772,7.772,7.882,7.876,7.986,7.982,7.776,7.757,7.926,7.967,7.882,7.88,7.864,7.865,7.752,7.706,7.743,7.753,7.743
0.145833333,7.801,7.823,7.909,8.015,8.116,8.166,7.758,7.757,7.748,7.77,7.771,7.88,7.874,7.985,7.982,7.774,7.756,7.924,7.966,7.881,7.879,7.863,7.864,7.751,7.705,7.742,7.752,7.742
0.147222222,7.799,7.822,7.908,8.014,8.115,8.166,7.757,7.755,7.746,7.769,7.77,7.879,7.873,7.984,7.981,7.772,7.754,7.923,7.966,7.88,7.878,7.862,7.863,7.75,7.704,7.741,7.75,7.74
0.148611111,7.798,7.821,7.907,8.013,8.114,8.167,7.755,7.754,7.743,7.768,7.769,7.878,7.872,7.984,7.98,7.771,7.752,7.922,7.965,7.879,7.877,7.861,7.862,7.749,7.703,7.74,7.749,7.739
0.15,7.796,7.819,7.904,8.012,8.114,8.167,7.754,7.752,7.742,7.765,7.767,7.877,7.871,7.983,7.979,7.77,7.751,7.922,7.964,7.878,7.875,7.859,7.861,7.747,7.701,7.738,7.748,7.738
0.151388889,7.795,7.818,7.903,8.011,8.113,8.166,7.753,7.75,7.741,7.764,7.765,7.875,7.869,7.982,7.978,7.769,7.75,7.921,7.963,7.877,7.874,7.858,7.86,7.746,7.7,7.736,7.747,7.736
0.152777778,7.794,7.816,7.902,8.009,8.112,8.166,7.751,7.749,7.74,7.763,7.763,7.874,7.868,7.982,7.978,7.768,7.749,7.92,7.963,7.876,7.873,7.857,7.859,7.745,7.698,7.735,7.746,7.735
0.154166667,7.793,7.815,7.901,8.008,8.112,8.165,7.75,7.748,7.738,7.762,7.762,7.873,7.867,7.98,7.977,7.766,7.747,7.919,7.962,7.874,7.872,7.855,7.858,7.743,7.697,7.734,7.744,7.734
0.155555556,7.791,7.813,7.9,8.008,8.112,8.165,7.749,7.745,7.737,7.76,7.761,7.871,7.866,7.979,7.976,7.765,7.746,7.918,7.961,7.873,7.871,7.854,7.857,7.742,7.696,7.732,7.743,7.732
0.156944444,7.79,7.812,7.899,8.007,8.111,8.165,7.746,7.745,7.735,7.758,7.759,7.87,7.865,7.979,7.976,7.764,7.744,7.918,7.96,7.872,7.87,7.853,7.856,7.741,7.695,7.731,7.742,7.731
0.158333333,7.788,7.81,7.897,8.005,8.111,8.165,7.745,7.743,7.733,7.757,7.758,7.87,7.864,7.978,7.975,7.762,7.743,7.917,7.959,7.871,7.868,7.852,7.855,7.74,7.694,7.729,7.741,7.729
0.159722222,7.787,7.809,7.896,8.004,8.11,8.164,7.744,7.742,7.732,7.755,7.757,7.869,7.862,7.977,7.974,7.761,7.742,7.916,7.959,7.869,7.868,7.851,7.854,7.738,7.693,7.729,7.739,7.728
0.161111111,7.786,7.808,7.895,8.003,8.11,8.165,7.743,7.74,7.731,7.754,7.755,7.867,7.861,7.976,7.973,7.76,7.74,7.914,7.959,7.869,7.867,7.85,7.853,7.737,7.692,7.728,7.738,7.727
0.1625,7.784,7.806,7.894,8.002,8.109,8.164,7.741,7.739,7.73,7.753,7.753,7.866,7.86,7.974,7.972,7.759,7.739,7.914,7.958,7.868,7.866,7.849,7.852,7.736,7.691,7.726,7.737,7.726
0.163888889,7.783,7.805,7.892,8.001,8.109,8.163,7.74,7.737,7.729,7.751,7.752,7.865,7.858,7.974,7.971,7.757,7.738,7.913,7.956,7.867,7.864,7.847,7.851,7.735,7.689,7.725,7.736,7.725
0.165277778,7.782,7.803,7.891,8.001,8.109,8.163,7.738,7.736,7.728,7.75,7.751,7.864,7.858,7.973,7.97,7.756,7.736,7.912,7.956,7.866,7.863,7.847,7.85,7.734,7.688,7.724,7.735,7.724
0.166666667,7.781,7.802,7.89,7.999,8.109,8.163,7.737,7.735,7.726,7.749,7.75,7.862,7.857,7.972,7.969,7.755,7.735,7.911,7.955,7.865,7.862,7.846,7.849,7.733,7.687,7.723,7.734,7.723
0.168055556,7.779,7.801,7.889,7.998,8.108,8.163,7.737,7.733,7.724,7.748,7.748,7.861,7.856,7.972,7.969,7.753,7.734,7.91,7.955,7.864,7.861,7.845,7.848,7.731,7.686,7.722,7.733,7.721
0.169444444,7.778,7.799,7.888,7.998,8.107,8.163,7.736,7.732,7.723,7.746,7.747,7.861,7.855,7.971,7.968,7.752,7.733,7.909,7.954,7.862,7.86,7.844,7.847,7.73,7.686,7.721,7.732,7.72
0.170833333,7.777,7.798,7.886,7.997,8.107,8.163,7.734,7.731,7.722,7.745,7.746,7.859,7.853,7.97,7.968,7.751,7.732,7.909,7.953,7.862,7.859,7.843,7.846,7.729,7.685,7.719,7.731,7.718
0.172222222,7.776,7.796,7.885,7.995,8.106,8.163,7.733,7.73,7.721,7.744,7.744,7.858,7.853,7.97,7.967,7.75,7.731,7.908,7.953,7.862,7.859,7.841,7.845,7.728,7.683,7.718,7.73,7.717
0.173611111,7.775,7.796,7.883,7.994,8.106,8.163,7.731,7.728,7.719,7.743,7.743,7.857,7.852,7.969,7.966,7.749,7.729,7.907,7.952,7.86,7.858,7.84,7.844,7.727,7.682,7.717,7.728,7.716
0.175,7.774,7.794,7.882,7.993,8.106,8.162,7.73,7.727,7.717,7.741,7.742,7.856,7.85,7.968,7.965,7.747,7.728,7.906,7.951,7.859,7.857,7.839,7.844,7.726,7.682,7.716,7.728,7.715
0.176388889,7.772,7.793,7.881,7.992,8.105,8.163,7.729,7.726,7.717,7.74,7.741,7.855,7.849,7.967,7.964,7.746,7.727,7.906,7.95,7.858,7.855,7.838,7.843,7.725,7.68,7.714,7.727,7.714
0.177777778,7.771,7.792,7.88,7.992,8.104,8.163,7.728,7.725,7.716,7.739,7.74,7.853,7.848,7.967,7.964,7.745,7.726,7.905,7.949,7.857,7.854,7.838,7.842,7.724,7.679,7.714,7.726,7.713
0.179166667,7.77,7.791,7.878,7.991,8.104,8.162,7.728,7.724,7.715,7.737,7.739,7.852,7.847,7.966,7.963,7.744,7.725,7.903,7.949,7.856,7.853,7.836,7.84,7.723,7.678,7.712,7.725,7.712
0.180555556,7.769,7.79,7.877,7.989,8.104,8.161,7.726,7.723,7.713,7.736,7.738,7.851,7.846,7.965,7.963,7.743,7.724,7.903,7.948,7.855,7.852,7.835,7.84,7.723,7.677,7.711,7.724,7.711
0.181944444,7.768,7.788,7.876,7.988,8.104,8.161,7.724,7.721,7.711,7.735,7.737,7.851,7.845,7.965,7.962,7.742,7.722,7.902,7.947,7.854,7.851,7.834,7.839,7.721,7.676,7.71,7.723,7.71
0.183333333,7.767,7.787,7.875,7.988,8.103,8.161,7.723,7.72,7.71,7.734,7.735,7.85,7.844,7.964,7.961,7.74,7.721,7.901,7.947,7.854,7.85,7.833,7.838,7.72,7.675,7.709,7.721,7.709
0.184722222,7.766,7.786,7.874,7.988,8.102,8.161,7.722,7.719,7.709,7.733,7.734,7.849,7.843,7.963,7.96,7.74,7.72,7.901,7.946,7.852,7.85,7.832,7.837,7.72,7.675,7.708,7.72,7.708
0.186111111,7.764,7.785,7.873,7.986,8.102,8.161,7.721,7.718,7.709,7.732,7.733,7.848,7.842,7.962,7.959,7.739,7.719,7.9,7.945,7.851,7.849,7.832,7.837,7.719,7.674,7.707,7.72,7.708
0.1875,7.763,7.783,7.871,7.984,8.101,8.161,7.72,7.717,7.707,7.73,7.732,7.847,7.841,7.962,7.959,7.737,7.717,7.899,7.945,7.85,7.847,7.83,7.836,7.717,7.673,7.706,7.719,7.706
0.188888889,7.763,7.782,7.871,7.984,8.101,8.161,7.718,7.715,7.706,7.73,7.731,7.846,7.84,7.961,7.958,7.737,7.716,7.898,7.944,7.849,7.846,7.829,7.835,7.716,7.672,7.705,7.718,7.705
0.190277778,7.762,7.781,7.87,7.982,8.1,8.161,7.718,7.714,7.705,7.729,7.73,7.844,7.84,7.96,7.958,7.736,7.715,7.898,7.943,7.849,7.845,7.828,7.834,7.715,7.671,7.704,7.717,7.704
0.191666667,7.76,7.78,7.869,7.982,8.1,8.16,7.717,7.713,7.704,7.728,7.729,7.843,7.839,7.96,7.957,7.734,7.715,7.897,7.942,7.848,7.845,7.827,7.833,7.715,7.67,7.703,7.717,7.703
0.193055556,7.759,7.779,7.867,7.981,8.1,8.16,7.716,7.712,7.703,7.727,7.728,7.842,7.837,7.959,7.956,7.733,7.714,7.896,7.942,7.847,7.844,7.826,7.832,7.714,7.67,7.702,7.716,7.703
0.194444444,7.758,7.778,7.867,7.98,8.099,8.16,7.715,7.711,7.702,7.725,7.727,7.841,7.837,7.958,7.956,7.732,7.712,7.895,7.941,7.846,7.843,7.825,7.831,7.713,7.669,7.7,7.715,7.702
0.195833333,7.757,7.777,7.865,7.979,8.099,8.16,7.714,7.71,7.701,7.724,7.726,7.84,7.836,7.958,7.955,7.731,7.712,7.894,7.94,7.845,7.842,7.825,7.83,7.712,7.668,7.7,7.714,7.7
0.197222222,7.756,7.776,7.864,7.978,8.099,8.16,7.712,7.709,7.7,7.723,7.724,7.839,7.835,7.957,7.955,7.731,7.711,7.894,7.94,7.845,7.841,7.824,7.829,7.711,7.667,7.699,7.713,7.699
0.198611111,7.756,7.775,7.863,7.978,8.098,8.16,7.711,7.708,7.699,7.723,7.723,7.838,7.834,7.956,7.953,7.73,7.71,7.893,7.939,7.844,7.84,7.823,7.829,7.71,7.666,7.698,7.712,7.698
0.2,7.755,7.774,7.862,7.977,8.098,8.16,7.711,7.706,7.697,7.721,7.723,7.837,7.833,7.956,7.952,7.729,7.708,7.892,7.938,7.842,7.84,7.822,7.829,7.709,7.665,7.697,7.712,7.697
0.201388889,7.754,7.772,7.861,7.975,8.097,8.16,7.71,7.706,7.696,7.72,7.722,7.836,7.832,7.955,7.951,7.728,7.707,7.892,7.937,7.841,7.839,7.821,7.828,7.708,7.664,7.696,7.711,7.696
0.202777778,7.753,7.771,7.86,7.974,8.097,8.159,7.709,7.705,7.696,7.719,7.721,7.835,7.831,7.955,7.951,7.727,7.706,7.891,7.937,7.841,7.837,7.82,7.826,7.707,7.663,7.695,7.71,7.695
0.204166667,7.752,7.77,7.859,7.973,8.096,8.158,7.709,7.704,7.695,7.719,7.719,7.834,7.83,7.954,7.95,7.726,7.705,7.89,7.937,7.84,7.836,7.819,7.825,7.707,7.663,7.695,7.709,7.694
0.205555556,7.751,7.769,7.858,7.973,8.096,8.159,7.707,7.703,7.693,7.717,7.719,7.833,7.829,7.953,7.949,7.725,7.704,7.89,7.936,7.839,7.836,7.818,7.825,7.706,7.662,7.693,7.708,7.694
0.206944444,7.75,7.768,7.856,7.972,8.095,8.158,7.706,7.702,7.692,7.717,7.718,7.833,7.828,7.952,7.949,7.724,7.703,7.889,7.935,7.838,7.835,7.818,7.824,7.705,7.661,7.692,7.707,7.693
0.208333333,7.749,7.767,7.855,7.971,8.095,8.158,7.705,7.701,7.692,7.715,7.717,7.831,7.827,7.951,7.949,7.722,7.702,7.889,7.934,7.838,7.833,7.817,7.823,7.704,7.66,7.691,7.707,7.691
0.209722222,7.748,7.766,7.855,7.97,8.095,8.158,7.703,7.7,7.691,7.714,7.715,7.83,7.827,7.951,7.949,7.721,7.702,7.888,7.934,7.837,7.833,7.816,7.822,7.704,7.66,7.691,7.706,7.691
0.211111111,7.747,7.765,7.854,7.97,8.095,8.158,7.702,7.699,7.69,7.713,7.714,7.829,7.826,7.95,7.948,7.721,7.7,7.886,7.933,7.836,7.832,7.815,7.822,7.703,7.659,7.69,7.705,7.69
0.2125,7.746,7.764,7.852,7.969,8.094,8.158,7.701,7.698,7.689,7.713,7.714,7.828,7.824,7.949,7.946,7.72,7.699,7.886,7.933,7.835,7.831,7.814,7.821,7.702,7.658,7.689,7.704,7.689
0.213888889,7.745,7.763,7.852,7.968,8.093,8.158,7.701,7.697,7.688,7.712,7.713,7.828,7.823,7.949,7.945,7.719,7.698,7.885,7.932,7.834,7.83,7.813,7.819,7.701,7.657,7.689,7.703,7.689
0.215277778,7.745,7.762,7.851,7.967,8.093,8.158,7.7,7.695,7.686,7.71,7.712,7.827,7.823,7.949,7.945,7.718,7.697,7.884,7.932,7.833,7.83,7.813,7.819,7.7,7.656,7.688,7.702,7.688
0.216666667,7.744,7.762,7.85,7.966,8.092,8.158,7.699,7.694,7.685,7.709,7.711,7.826,7.822,7.948,7.945,7.718,7.697,7.884,7.931,7.832,7.829,7.812,7.818,7.699,7.655,7.687,7.701,7.687
0.218055556,7.743,7.76,7.849,7.965,8.092,8.157,7.698,7.694,7.685,7.709,7.71,7.825,7.821,7.947,7.944,7.717,7.696,7.883,7.93,7.832,7.828,7.81,7.818,7.698,7.655,7.686,7.7,7.686
0.219444444,7.742,7.759,7.848,7.964,8.092,8.156,7.697,7.693,7.685,7.708,7.71,7.824,7.821,7.946,7.944,7.716,7.694,7.882,7.929,7.831,7.828,7.81,7.817,7.697,7.655,7.685,7.7,7.685
0.220833333,7.741,7.758,7.847,7.964,8.092,8.156,7.697,7.692,7.683,7.707,7.709,7.823,7.819,7.946,7.944,7.715,7.694,7.882,7.928,7.83,7.826,7.809,7.816,7.696,7.654,7.684,7.699,7.684
0.222222222,7.741,7.757,7.846,7.963,8.091,8.156,7.697,7.692,7.682,7.706,7.708,7.822,7.819,7.945,7.943,7.714,7.693,7.881,7.928,7.829,7.825,7.809,7.815,7.696,7.653,7.684,7.699,7.684
0.223611111,7.739,7.756,7.845,7.962,8.09,8.156,7.696,7.691,7.681,7.705,7.707,7.821,7.818,7.945,7.942,7.713,7.692,7.88,7.928,7.829,7.824,7.807,7.815,7.695,7.653,7.683,7.698,7.683
0.225,7.739,7.756,7.844,7.961,8.09,8.156,7.695,7.69,7.68,7.705,7.706,7.82,7.817,7.944,7.941,7.712,7.691,7.88,7.927,7.828,7.824,7.806,7.814,7.694,7.652,7.683,7.697,7.682
0.226388889,7.738,7.755,7.843,7.961,8.09,8.156,7.693,7.689,7.68,7.703,7.705,7.819,7.816,7.944,7.941,7.711,7.69,7.879,7.926,7.827,7.824,7.806,7.813,7.694,7.651,7.681,7.696,7.682
0.227777778,7.737,7.753,7.842,7.96,8.089,8.156,7.692,7.688,7.679,7.703,7.704,7.818,7.816,7.943,7.94,7.711,7.69,7.878,7.925,7.826,7.823,7.805,7.813,7.694,7.651,7.68,7.696,7.681
0.229166667,7.737,7.752,7.841,7.959,8.088,8.155,7.692,7.687,7.678,7.702,7.704,7.817,7.815,7.943,7.94,7.71,7.689,7.878,7.925,7.825,7.822,7.804,7.812,7.693,7.651,7.68,7.695,7.68
0.230555556,7.736,7.751,7.84,7.958,8.088,8.155,7.691,7.686,7.677,7.701,7.702,7.816,7.813,7.942,7.939,7.709,7.688,7.876,7.925,7.825,7.821,7.804,7.812,7.691,7.649,7.679,7.695,7.679
0.231944444,7.735,7.751,7.839,7.957,8.088,8.155,7.69,7.685,7.677,7.7,7.702,7.816,7.813,7.941,7.938,7.708,7.687,7.876,7.924,7.824,7.82,7.803,7.811,7.691,7.648,7.678,7.694,7.678
0.233333333,7.734,7.75,7.839,7.956,8.088,8.156,7.689,7.684,7.676,7.7,7.701,7.815,7.812,7.94,7.938,7.707,7.686,7.876,7.923,7.823,7.819,7.803,7.81,7.69,7.648,7.677,7.693,7.677
0.234722222,7.733,7.749,7.837,7.955,8.087,8.155,7.688,7.684,7.675,7.699,7.7,7.813,7.811,7.94,7.938,7.706,7.686,7.875,7.923,7.823,7.818,7.801,7.809,7.689,7.648,7.677,7.692,7.677
0.236111111,7.733,7.748,7.836,7.954,8.087,8.155,7.686,7.683,7.674,7.698,7.699,7.813,7.811,7.94,7.937,7.706,7.685,7.874,7.923,7.822,7.817,7.8,7.808,7.688,7.648,7.676,7.691,7.677
0.2375,7.732,7.747,7.836,7.954,8.087,8.155,7.686,7.682,7.673,7.697,7.698,7.812,7.81,7.939,7.937,7.705,7.684,7.873,7.921,7.821,7.816,7.8,7.808,7.687,7.647,7.675,7.69,7.676
0.238888889,7.731,7.746,7.835,7.953,8.087,8.155,7.685,7.681,7.672,7.696,7.697,7.811,7.809,7.938,7.936,7.704,7.683,7.873,7.921,7.82,7.816,7.799,7.807,7.687,7.646,7.675,7.69,7.674
0.240277778,7.73,7.745,7.834,7.952,8.086,8.155,7.684,7.68,7.671,7.695,7.696,7.81,7.808,7.937,7.935,7.703,7.682,7.872,7.921,7.82,7.816,7.798,7.806,7.687,7.645,7.674,7.69,7.674
0.241666667,7.73,7.744,7.833,7.951,8.086,8.155,7.685,7.679,7.671,7.695,7.696,7.81,7.807,7.937,7.934,7.702,7.682,7.872,7.92,7.818,7.815,7.797,7.806,7.686,7.645,7.673,7.689,7.673
0.243055556,7.729,7.744,7.832,7.95,8.085,8.155,7.684,7.678,7.67,7.694,7.695,7.809,7.806,7.937,7.933,7.702,7.68,7.871,7.919,7.818,7.814,7.797,7.805,7.685,7.644,7.672,7.689,7.673
0.244444444,7.728,7.743,7.832,7.949,8.085,8.155,7.682,7.677,7.669,7.693,7.694,7.809,7.805,7.937,7.933,7.701,7.68,7.87,7.919,7.818,7.813,7.796,7.805,7.684,7.643,7.672,7.688,7.672
0.245833333,7.727,7.742,7.831,7.949,8.085,8.155,7.682,7.677,7.668,7.692,7.693,7.808,7.804,7.936,7.933,7.7,7.679,7.87,7.918,7.817,7.812,7.795,7.804,7.684,7.643,7.671,7.687,7.671
0.247222222,7.727,7.741,7.83,7.948,8.085,8.154,7.681,7.676,7.667,7.691,7.693,7.807,7.804,7.935,7.932,7.699,7.678,7.869,7.918,7.816,7.811,7.794,7.802,7.683,7.642,7.67,7.686,7.67
0.248611111,7.726,7.741,7.828,7.947,8.084,8.153,7.681,7.676,7.667,7.691,7.692,7.806,7.804,7.934,7.932,7.699,7.678,7.868,7.917,7.815,7.81,7.793,7.801,7.682,7.641,7.67,7.686,7.67
0.25,7.725,7.74,7.828,7.946,8.083,8.153,7.68,7.675,7.666,7.69,7.691,7.805,7.803,7.933,7.932,7.698,7.676,7.868,7.916,7.815,7.809,7.793,7.801,7.682,7.641,7.669,7.685,7.669
0.251388889,7.725,7.739,7.827,7.946,8.083,8.154,7.68,7.674,7.666,7.689,7.691,7.804,7.802,7.932,7.932,7.697,7.676,7.868,7.916,7.814,7.809,7.792,7.801,7.681,7.64,7.668,7.685,7.669
0.252777778,7.724,7.739,7.826,7.944,8.083,8.153,7.679,7.673,7.665,7.688,7.69,7.803,7.801,7.932,7.931,7.697,7.675,7.867,7.915,7.814,7.809,7.791,7.801,7.681,7.639,7.667,7.684,7.668
0.254166667,7.723,7.738,7.826,7.944,8.083,8.153,7.678,7.672,7.664,7.688,7.689,7.803,7.801,7.932,7.93,7.696,7.674,7.867,7.914,7.813,7.809,7.791,7.8,7.68,7.639,7.667,7.683,7.667
0.255555556,7.723,7.736,7.825,7.943,8.082,8.153,7.677,7.672,7.663,7.688,7.688,7.801,7.8,7.931,7.929,7.696,7.673,7.866,7.914,7.812,7.808,7.79,7.799,7.679,7.638,7.667,7.682,7.666
0.256944444,7.722,7.736,7.824,7.943,8.081,8.153,7.676,7.671,7.662,7.686,7.688,7.801,7.799,7.93,7.928,7.694,7.673,7.865,7.914,7.811,7.806,7.789,7.798,7.679,7.638,7.666,7.682,7.665
0.258333333,7.722,7.735,7.823,7.941,8.081,8.152,7.676,7.671,7.661,7.686,7.687,7.8,7.798,7.93,7.927,7.693,7.672,7.864,7.914,7.81,7.805,7.788,7.798,7.678,7.637,7.665,7.681,7.665
0.259722222,7.721,7.734,7.822,7.94,8.081,8.151,7.675,7.669,7.661,7.685,7.686,7.799,7.797,7.929,7.927,7.692,7.672,7.864,7.913,7.81,7.805,7.788,7.798,7.677,7.637,7.664,7.681,7.665
0.261111111,7.72,7.733,7.821,7.94,8.081,8.151,7.675,7.668,7.66,7.684,7.686,7.799,7.797,7.928,7.927,7.692,7.671,7.863,7.913,7.809,7.805,7.787,7.797,7.677,7.637,7.664,7.681,7.664
0.2625,7.719,7.732,7.82,7.939,8.08,8.152,7.673,7.667,7.66,7.683,7.685,7.798,7.797,7.928,7.926,7.692,7.67,7.863,7.912,7.808,7.804,7.786,7.796,7.676,7.636,7.664,7.681,7.664
0.263888889,7.718,7.732,7.819,7.938,8.08,8.151,7.673,7.666,7.659,7.683,7.684,7.797,7.796,7.927,7.926,7.691,7.67,7.862,7.912,7.807,7.802,7.786,7.796,7.675,7.636,7.662,7.68,7.663
0.265277778,7.718,7.731,7.819,7.937,8.08,8.151,7.672,7.666,7.658,7.682,7.683,7.796,7.795,7.927,7.925,7.69,7.669,7.861,7.911,7.806,7.802,7.785,7.795,7.675,7.635,7.662,7.678,7.663
0.266666667,7.718,7.73,7.818,7.937,8.08,8.151,7.671,7.666,7.657,7.682,7.682,7.795,7.794,7.926,7.925,7.69,7.668,7.861,7.91,7.806,7.802,7.784,7.794,7.674,7.635,7.661,7.678,7.662
0.268055556,7.717,7.729,7.817,7.937,8.079,8.151,7.67,7.665,7.656,7.681,7.682,7.795,7.793,7.926,7.925,7.689,7.667,7.86,7.909,7.806,7.801,7.784,7.793,7.674,7.634,7.66,7.677,7.661
0.269444444,7.716,7.729,7.816,7.936,8.078,8.151,7.67,7.665,7.656,7.68,7.681,7.794,7.792,7.925,7.924,7.688,7.667,7.86,7.909,7.805,7.8,7.783,7.792,7.673,7.633,7.66,7.677,7.661
0.270833333,7.715,7.728,7.816,7.935,8.078,8.151,7.67,7.664,7.656,7.68,7.68,7.793,7.791,7.925,7.923,7.687,7.666,7.859,7.909,7.804,7.8,7.782,7.792,7.673,7.632,7.66,7.676,7.66
0.272222222,7.715,7.727,7.815,7.934,8.078,8.151,7.671,7.663,7.654,7.679,7.679,7.792,7.791,7.924,7.923,7.687,7.665,7.858,7.908,7.804,7.799,7.782,7.792,7.672,7.632,7.659,7.675,7.659
0.273611111,7.715,7.727,7.814,7.933,8.078,8.151,7.669,7.662,7.653,7.678,7.679,7.792,7.791,7.923,7.923,7.686,7.664,7.858,7.907,7.803,7.798,7.781,7.791,7.671,7.631,7.658,7.675,7.658
0.275,7.714,7.726,7.813,7.932,8.077,8.151,7.668,7.662,7.653,7.678,7.678,7.791,7.79,7.923,7.922,7.685,7.664,7.858,7.907,7.803,7.798,7.78,7.791,7.671,7.631,7.658,7.676,7.658
0.276388889,7.713,7.725,7.812,7.932,8.076,8.15,7.667,7.66,7.653,7.677,7.678,7.79,7.789,7.923,7.921,7.684,7.663,7.857,7.907,7.802,7.798,7.779,7.79,7.67,7.631,7.657,7.675,7.658
0.277777778,7.712,7.725,7.812,7.932,8.076,8.15,7.666,7.66,7.652,7.676,7.677,7.789,7.788,7.922,7.92,7.684,7.662,7.856,7.906,7.801,7.797,7.779,7.789,7.67,7.63,7.657,7.674,7.657
0.279166667,7.711,7.724,7.811,7.931,8.076,8.151,7.666,7.66,7.651,7.675,7.676,7.788,7.787,7.921,7.919,7.684,7.661,7.856,7.906,7.801,7.796,7.779,7.789,7.669,7.63,7.656,7.674,7.657
0.280555556,7.711,7.723,7.81,7.929,8.076,8.151,7.666,7.659,7.65,7.675,7.675,7.788,7.787,7.92,7.92,7.682,7.661,7.855,7.905,7.8,7.795,7.778,7.787,7.668,7.629,7.656,7.673,7.656
0.281944444,7.71,7.722,7.809,7.929,8.076,8.15,7.665,7.658,7.65,7.674,7.675,7.788,7.786,7.92,7.92,7.682,7.66,7.854,7.904,7.799,7.795,7.777,7.787,7.668,7.629,7.655,7.672,7.655
0.283333333,7.71,7.722,7.809,7.929,8.075,8.149,7.665,7.656,7.649,7.673,7.674,7.788,7.786,7.92,7.919,7.682,7.659,7.854,7.904,7.799,7.794,7.776,7.786,7.667,7.628,7.655,7.671,7.654
0.284722222,7.709,7.721,7.808,7.927,8.075,8.15,7.664,7.655,7.649,7.673,7.673,7.787,7.784,7.92,7.918,7.681,7.659,7.853,7.903,7.798,7.794,7.776,7.786,7.667,7.628,7.654,7.671,7.654
0.286111111,7.708,7.72,7.807,7.927,8.075,8.15,7.663,7.656,7.648,7.672,7.673,7.786,7.783,7.919,7.918,7.68,7.659,7.853,7.902,7.797,7.792,7.775,7.785,7.666,7.627,7.653,7.67,7.654
0.2875,7.708,7.719,7.806,7.927,8.074,8.149,7.663,7.656,7.647,7.671,7.672,7.785,7.783,7.918,7.917,7.68,7.658,7.853,7.902,7.797,7.792,7.775,7.784,7.665,7.626,7.653,7.67,7.653
0.288888889,7.707,7.719,7.806,7.926,8.073,8.149,7.662,7.655,7.646,7.671,7.671,7.785,7.783,7.918,7.916,7.68,7.657,7.852,7.902,7.796,7.791,7.774,7.783,7.665,7.626,7.653,7.67,7.653
0.290277778,7.706,7.718,7.805,7.924,8.073,8.149,7.662,7.654,7.646,7.67,7.671,7.784,7.783,7.918,7.916,7.679,7.656,7.852,7.902,7.796,7.791,7.774,7.783,7.665,7.625,7.651,7.669,7.653
0.291666667,7.706,7.717,7.804,7.924,8.073,8.148,7.661,7.654,7.646,7.67,7.67,7.783,7.782,7.917,7.915,7.678,7.656,7.851,7.901,7.795,7.79,7.774,7.783,7.664,7.625,7.65,7.669,7.652
0.293055556,7.705,7.717,7.804,7.923,8.072,8.148,7.66,7.653,7.645,7.669,7.669,7.782,7.781,7.916,7.915,7.677,7.656,7.851,7.9,7.794,7.789,7.773,7.782,7.663,7.624,7.65,7.668,7.651
0.294444444,7.705,7.716,7.803,7.922,8.072,8.149,7.66,7.652,7.644,7.668,7.668,7.782,7.78,7.916,7.914,7.677,7.656,7.85,7.899,7.794,7.789,7.772,7.781,7.663,7.624,7.65,7.668,7.65
0.295833333,7.705,7.715,7.802,7.922,8.071,8.149,7.659,7.651,7.643,7.668,7.668,7.781,7.779,7.916,7.914,7.676,7.655,7.85,7.899,7.794,7.788,7.771,7.781,7.662,7.624,7.65,7.667,7.65
0.297222222,7.704,7.714,7.801,7.921,8.071,8.148,7.659,7.651,7.643,7.668,7.668,7.78,7.779,7.915,7.914,7.675,7.653,7.849,7.899,7.793,7.788,7.77,7.781,7.662,7.624,7.649,7.667,7.65
0.298611111,7.703,7.713,7.801,7.92,8.071,8.148,7.658,7.651,7.643,7.667,7.667,7.779,7.778,7.914,7.913,7.675,7.653,7.849,7.898,7.792,7.787,7.77,7.78,7.662,7.623,7.648,7.667,7.649
0.3,7.702,7.713,7.8,7.92,8.071,8.148,7.657,7.65,7.642,7.667,7.667,7.778,7.777,7.914,7.912,7.675,7.653,7.848,7.897,7.792,7.786,7.769,7.78,7.661,7.622,7.648,7.666,7.649
0.301388889,7.702,7.713,7.799,7.919,8.07,8.148,7.657,7.649,7.641,7.666,7.666,7.778,7.777,7.913,7.912,7.674,7.652,7.847,7.897,7.791,7.786,7.769,7.779,7.66,7.622,7.647,7.665,7.648
0.302777778,7.702,7.712,7.799,7.918,8.069,8.148,7.656,7.648,7.64,7.665,7.665,7.777,7.776,7.913,7.912,7.674,7.651,7.847,7.896,7.79,7.785,7.769,7.779,7.66,7.622,7.646,7.664,7.647
0.304166667,7.701,7.711,7.798,7.917,8.069,8.148,7.656,7.647,7.639,7.664,7.665,7.776,7.775,7.912,7.911,7.672,7.651,7.846,7.895,7.789,7.784,7.768,7.778,7.66,7.621,7.646,7.664,7.647
0.305555556,7.701,7.711,7.797,7.917,8.069,8.148,7.655,7.646,7.639,7.664,7.664,7.775,7.775,7.911,7.911,7.672,7.65,7.846,7.895,7.789,7.783,7.767,7.777,7.66,7.62,7.646,7.664,7.646
0.306944444,7.7,7.71,7.797,7.916,8.069,8.147,7.654,7.645,7.638,7.663,7.664,7.775,7.774,7.911,7.911,7.671,7.649,7.845,7.895,7.788,7.783,7.767,7.777,7.659,7.62,7.645,7.664,7.646
0.308333333,7.699,7.709,7.796,7.915,8.069,8.147,7.654,7.645,7.637,7.663,7.663,7.775,7.773,7.91,7.911,7.671,7.648,7.844,7.895,7.787,7.783,7.766,7.776,7.658,7.62,7.644,7.662,7.646
0.309722222,7.699,7.708,7.795,7.915,8.068,8.147,7.653,7.644,7.637,7.663,7.663,7.774,7.773,7.909,7.91,7.67,7.647,7.844,7.894,7.787,7.783,7.765,7.776,7.658,7.619,7.644,7.662,7.645
0.311111111,7.698,7.708,7.794,7.914,8.068,8.147,7.652,7.643,7.637,7.662,7.662,7.773,7.772,7.909,7.909,7.67,7.647,7.844,7.894,7.787,7.782,7.764,7.776,7.657,7.619,7.644,7.662,7.644
0.3125,7.698,7.707,7.794,7.913,8.068,8.147,7.652,7.643,7.636,7.661,7.661,7.773,7.771,7.909,7.909,7.67,7.647,7.844,7.893,7.786,7.781,7.764,7.775,7.656,7.619,7.643,7.662,7.644
0.313888889,7.698,7.707,7.793,7.912,8.067,8.146,7.652,7.643,7.636,7.661,7.661,7.772,7.771,7.909,7.909,7.669,7.646,7.843,7.893,7.786,7.78,7.763,7.775,7.656,7.619,7.643,7.661,7.644
0.315277778,7.697,7.707,7.793,7.912,8.066,8.146,7.651,7.643,7.635,7.66,7.66,7.772,7.771,7.908,7.908,7.668,7.646,7.842,7.893,7.785,7.78,7.763,7.774,7.655,7.618,7.642,7.66,7.644
0.316666667,7.696,7.706,7.792,7.911,8.066,8.146,7.651,7.642,7.634,7.659,7.66,7.771,7.77,7.907,7.907,7.667,7.645,7.842,7.892,7.784,7.779,7.762,7.773,7.655,7.617,7.642,7.66,7.643
0.318055556,7.696,7.705,7.791,7.911,8.066,8.146,7.65,7.642,7.634,7.658,7.659,7.771,7.769,7.907,7.907,7.666,7.645,7.841,7.892,7.784,7.778,7.762,7.772,7.655,7.617,7.642,7.66,7.642
0.319444444,7.695,7.705,7.79,7.909,8.066,8.146,7.649,7.64,7.634,7.658,7.658,7.77,7.769,7.907,7.906,7.667,7.644,7.841,7.891,7.783,7.778,7.761,7.772,7.654,7.617,7.641,7.659,7.642
0.320833333,7.694,7.704,7.79,7.909,8.066,8.146,7.649,7.64,7.633,7.658,7.657,7.769,7.769,7.906,7.906,7.667,7.644,7.84,7.89,7.782,7.778,7.76,7.772,7.653,7.616,7.64,7.658,7.642
0.322222222,7.694,7.703,7.789,7.908,8.065,8.146,7.649,7.64,7.633,7.657,7.657,7.768,7.768,7.906,7.905,7.666,7.643,7.839,7.89,7.782,7.777,7.76,7.771,7.653,7.615,7.64,7.658,7.641
0.323611111,7.694,7.703,7.789,7.907,8.065,8.146,7.648,7.639,7.631,7.656,7.656,7.768,7.767,7.906,7.905,7.665,7.642,7.839,7.889,7.782,7.776,7.76,7.77,7.653,7.615,7.639,7.658,7.641
0.325,7.694,7.702,7.788,7.907,8.064,8.146,7.648,7.639,7.631,7.656,7.656,7.767,7.766,7.905,7.904,7.664,7.642,7.838,7.889,7.781,7.776,7.759,7.769,7.652,7.615,7.639,7.658,7.64
0.326388889,7.693,7.701,7.787,7.907,8.064,8.146,7.647,7.638,7.631,7.655,7.655,7.766,7.766,7.904,7.905,7.664,7.642,7.837,7.888,7.78,7.776,7.758,7.769,7.652,7.614,7.639,7.657,7.639
0.327777778,7.693,7.701,7.787,7.906,8.064,8.145,7.646,7.637,7.63,7.655,7.654,7.766,7.765,7.904,7.905,7.663,7.642,7.837,7.888,7.779,7.775,7.758,7.769,7.651,7.613,7.638,7.657,7.639
0.329166667,7.692,7.7,7.786,7.906,8.063,8.145,7.645,7.636,7.629,7.654,7.654,7.765,7.765,7.903,7.904,7.663,7.641,7.837,7.888,7.779,7.775,7.758,7.768,7.651,7.613,7.637,7.656,7.638
0.330555556,7.692,7.7,7.785,7.905,8.063,8.145,7.644,7.636,7.629,7.654,7.654,7.765,7.764,7.903,7.904,7.663,7.64,7.836,7.888,7.779,7.774,7.758,7.767,7.651,7.612,7.636,7.655,7.637
0.331944444,7.691,7.699,7.785,7.904,8.063,8.144,7.643,7.635,7.628,7.653,7.653,7.764,7.763,7.902,7.904,7.662,7.64,7.835,7.887,7.778,7.773,7.757,7.767,7.65,7.612,7.636,7.655,7.638
0.333333333,7.691,7.698,7.784,7.903,8.063,8.144,7.643,7.635,7.628,7.652,7.653,7.764,7.763,7.902,7.903,7.661,7.639,7.835,7.886,7.777,7.772,7.756,7.767,7.65,7.612,7.636,7.655,7.637
0.334722222,7.69,7.698,7.783,7.902,8.063,8.145,7.643,7.635,7.627,7.652,7.652,7.763,7.763,7.901,7.902,7.661,7.639,7.835,7.885,7.777,7.772,7.755,7.767,7.649,7.612,7.636,7.654,7.637
0.336111111,7.69,7.698,7.783,7.902,8.062,8.145,7.643,7.634,7.627,7.651,7.651,7.763,7.762,7.901,7.901,7.661,7.638,7.835,7.885,7.777,7.771,7.755,7.766,7.648,7.612,7.635,7.654,7.636
0.3375,7.689,7.697,7.782,7.901,8.061,8.144,7.642,7.633,7.627,7.651,7.651,7.761,7.761,7.9,7.901,7.66,7.637,7.834,7.885,7.776,7.771,7.754,7.766,7.648,7.612,7.634,7.654,7.636
0.338888889,7.689,7.696,7.782,7.901,8.061,8.144,7.641,7.632,7.626,7.65,7.65,7.761,7.76,7.9,7.9,7.659,7.637,7.834,7.885,7.775,7.771,7.754,7.765,7.648,7.611,7.634,7.653,7.636
0.340277778,7.689,7.696,7.781,7.9,8.061,8.144,7.641,7.632,7.625,7.65,7.65,7.76,7.759,7.899,7.9,7.659,7.637,7.833,7.884,7.774,7.77,7.753,7.764,7.647,7.61,7.634,7.653,7.636
0.341666667,7.688,7.695,7.78,7.899,8.061,8.144,7.64,7.631,7.625,7.649,7.65,7.759,7.759,7.899,7.899,7.658,7.636,7.833,7.884,7.774,7.769,7.753,7.764,7.646,7.61,7.633,7.653,7.635
0.343055556,7.687,7.695,7.78,7.899,8.061,8.143,7.64,7.63,7.624,7.649,7.649,7.759,7.758,7.899,7.899,7.658,7.635,7.832,7.883,7.774,7.769,7.752,7.763,7.646,7.609,7.633,7.652,7.634
0.344444444,7.687,7.695,7.779,7.897,8.06,8.143,7.64,7.63,7.623,7.649,7.648,7.759,7.758,7.898,7.899,7.658,7.635,7.832,7.883,7.773,7.768,7.752,7.763,7.646,7.609,7.633,7.651,7.634
0.345833333,7.687,7.694,7.778,7.897,8.059,8.142,7.64,7.629,7.623,7.648,7.648,7.758,7.757,7.898,7.899,7.658,7.634,7.831,7.883,7.772,7.767,7.751,7.762,7.646,7.608,7.632,7.651,7.633
0.347222222,7.686,7.693,7.778,7.896,8.059,8.143,7.64,7.629,7.622,7.647,7.648,7.757,7.757,7.898,7.898,7.657,7.634,7.831,7.882,7.772,7.767,7.751,7.762,7.645,7.608,7.632,7.651,7.632
0.348611111,7.686,7.693,7.777,7.896,8.059,8.143,7.639,7.629,7.622,7.647,7.647,7.757,7.757,7.897,7.897,7.656,7.634,7.831,7.882,7.771,7.767,7.751,7.761,7.645,7.608,7.631,7.651,7.632
0.35,7.686,7.692,7.777,7.895,8.059,8.143,7.638,7.628,7.622,7.646,7.646,7.756,7.756,7.896,7.897,7.655,7.633,7.83,7.882,7.771,7.766,7.75,7.76,7.644,7.607,7.631,7.65,7.632
0.351388889,7.685,7.691,7.776,7.894,8.058,8.144,7.637,7.627,7.621,7.646,7.645,7.756,7.755,7.895,7.896,7.655,7.632,7.83,7.881,7.771,7.766,7.749,7.76,7.644,7.608,7.63,7.65,7.632
0.352777778,7.685,7.691,7.776,7.894,8.057,8.143,7.637,7.627,7.62,7.646,7.645,7.756,7.754,7.895,7.896,7.654,7.632,7.829,7.88,7.77,7.765,7.749,7.76,7.644,7.608,7.63,7.649,7.632
0.354166667,7.685,7.691,7.775,7.893,8.057,8.143,7.636,7.627,7.62,7.645,7.644,7.755,7.754,7.895,7.895,7.654,7.632,7.828,7.88,7.77,7.764,7.748,7.759,7.643,7.607,7.629,7.649,7.631
0.355555556,7.684,7.69,7.775,7.892,8.057,8.142,7.636,7.626,7.62,7.644,7.643,7.754,7.754,7.894,7.895,7.653,7.632,7.828,7.879,7.769,7.764,7.748,7.759,7.643,7.607,7.629,7.649,7.63
0.356944444,7.683,7.69,7.774,7.892,8.057,8.142,7.636,7.625,7.619,7.644,7.643,7.754,7.753,7.894,7.894,7.653,7.631,7.827,7.879,7.769,7.764,7.747,7.758,7.642,7.607,7.629,7.648,7.63
0.358333333,7.683,7.689,7.773,7.892,8.057,8.142,7.635,7.624,7.618,7.643,7.643,7.753,7.752,7.893,7.895,7.653,7.63,7.827,7.879,7.768,7.763,7.746,7.758,7.641,7.606,7.629,7.648,7.63
0.359722222,7.682,7.688,7.772,7.891,8.057,8.142,7.634,7.623,7.618,7.643,7.643,7.751,7.752,7.893,7.894,7.652,7.63,7.827,7.878,7.767,7.763,7.746,7.757,7.641,7.606,7.628,7.648,7.629
0.361111111,7.682,7.688,7.772,7.891,8.056,8.141,7.634,7.624,7.618,7.642,7.642,7.751,7.751,7.893,7.893,7.651,7.629,7.827,7.878,7.767,7.762,7.746,7.757,7.641,7.606,7.628,7.648,7.629
0.3625,7.682,7.688,7.771,7.89,8.056,8.141,7.634,7.624,7.618,7.642,7.641,7.751,7.75,7.892,7.892,7.651,7.628,7.826,7.877,7.767,7.761,7.746,7.756,7.641,7.605,7.627,7.647,7.629
0.363888889,7.681,7.687,7.771,7.889,8.056,8.142,7.633,7.623,7.616,7.641,7.64,7.751,7.75,7.892,7.892,7.651,7.628,7.826,7.876,7.766,7.761,7.745,7.756,7.64,7.605,7.627,7.646,7.628
0.365277778,7.681,7.686,7.77,7.888,8.055,8.142,7.632,7.622,7.616,7.641,7.64,7.75,7.749,7.892,7.892,7.65,7.628,7.825,7.876,7.765,7.761,7.745,7.756,7.639,7.604,7.627,7.646,7.628
0.366666667,7.681,7.686,7.77,7.887,8.054,8.141,7.632,7.622,7.615,7.641,7.639,7.749,7.749,7.892,7.892,7.65,7.627,7.825,7.876,7.765,7.76,7.744,7.755,7.639,7.604,7.626,7.645,7.627
0.368055556,7.68,7.685,7.769,7.887,8.054,8.141,7.632,7.621,7.615,7.64,7.639,7.749,7.749,7.891,7.892,7.649,7.627,7.824,7.876,7.764,7.76,7.743,7.755,7.639,7.604,7.625,7.645,7.627
0.369444444,7.679,7.684,7.768,7.887,8.054,8.141,7.631,7.62,7.615,7.64,7.639,7.748,7.748,7.89,7.891,7.649,7.626,7.823,7.876,7.764,7.759,7.743,7.754,7.639,7.604,7.625,7.645,7.627
0.370833333,7.679,7.684,7.768,7.886,8.054,8.141,7.631,7.62,7.615,7.639,7.639,7.748,7.747,7.89,7.89,7.649,7.625,7.823,7.875,7.763,7.759,7.742,7.753,7.638,7.603,7.625,7.645,7.627
0.372222222,7.679,7.684,7.767,7.886,8.054,8.141,7.63,7.62,7.614,7.639,7.638,7.747,7.747,7.89,7.89,7.648,7.625,7.823,7.874,7.763,7.758,7.742,7.753,7.637,7.603,7.625,7.644,7.626
0.373611111,7.678,7.683,7.766,7.885,8.054,8.141,7.629,7.619,7.613,7.638,7.637,7.747,7.746,7.889,7.89,7.647,7.625,7.822,7.874,7.762,7.758,7.741,7.752,7.637,7.603,7.624,7.644,7.625
0.375,7.678,7.683,7.766,7.884,8.053,8.141,7.629,7.618,7.613,7.637,7.637,7.746,7.745,7.888,7.889,7.647,7.625,7.822,7.873,7.762,7.757,7.741,7.752,7.637,7.603,7.624,7.643,7.625
0.376388889,7.677,7.683,7.765,7.884,8.052,8.141,7.629,7.618,7.613,7.637,7.636,7.745,7.745,7.888,7.888,7.647,7.624,7.822,7.873,7.762,7.757,7.741,7.752,7.636,7.602,7.624,7.643,7.625
0.377777778,7.677,7.682,7.765,7.883,8.052,8.141,7.628,7.618,7.612,7.637,7.636,7.745,7.745,7.888,7.888,7.647,7.623,7.822,7.872,7.761,7.756,7.74,7.751,7.636,7.601,7.623,7.643,7.625
0.379166667,7.677,7.681,7.765,7.882,8.052,8.141,7.627,7.617,7.611,7.636,7.635,7.744,7.744,7.887,7.888,7.646,7.623,7.821,7.872,7.76,7.756,7.739,7.75,7.636,7.601,7.623,7.643,7.624
0.380555556,7.677,7.681,7.765,7.882,8.052,8.14,7.627,7.616,7.611,7.635,7.634,7.744,7.744,7.887,7.887,7.646,7.622,7.82,7.872,7.76,7.756,7.739,7.75,7.635,7.601,7.622,7.642,7.624
0.381944444,7.676,7.681,7.764,7.881,8.051,8.14,7.627,7.617,7.611,7.635,7.634,7.743,7.744,7.887,7.887,7.645,7.622,7.82,7.871,7.76,7.755,7.739,7.75,7.634,7.601,7.622,7.642,7.623
0.383333333,7.675,7.68,7.763,7.88,8.051,8.14,7.627,7.617,7.61,7.635,7.634,7.743,7.743,7.887,7.887,7.644,7.622,7.82,7.871,7.759,7.755,7.739,7.749,7.634,7.601,7.621,7.641,7.622
0.384722222,7.675,7.679,7.762,7.88,8.051,8.14,7.626,7.615,7.61,7.635,7.634,7.742,7.742,7.886,7.887,7.644,7.622,7.82,7.871,7.758,7.754,7.738,7.749,7.634,7.6,7.621,7.641,7.622
0.386111111,7.675,7.679,7.761,7.879,8.051,8.14,7.625,7.614,7.609,7.634,7.633,7.742,7.742,7.885,7.886,7.644,7.621,7.819,7.87,7.758,7.753,7.737,7.748,7.634,7.6,7.621,7.64,7.622
0.3875,7.675,7.678,7.761,7.879,8.05,8.14,7.625,7.614,7.608,7.633,7.632,7.741,7.741,7.885,7.886,7.643,7.62,7.818,7.87,7.758,7.752,7.736,7.748,7.634,7.6,7.62,7.64,7.622
0.388888889,7.674,7.678,7.761,7.878,8.05,8.14,7.625,7.614,7.608,7.633,7.632,7.74,7.74,7.885,7.885,7.642,7.62,7.817,7.869,7.757,7.752,7.736,7.747,7.633,7.6,7.62,7.639,7.622
0.390277778,7.674,7.678,7.76,7.877,8.049,8.139,7.625,7.613,7.608,7.633,7.631,7.74,7.74,7.885,7.885,7.642,7.619,7.816,7.868,7.757,7.752,7.736,7.747,7.632,7.6,7.62,7.639,7.621
0.391666667,7.674,7.678,7.76,7.877,8.049,8.139,7.624,7.613,7.607,7.633,7.631,7.74,7.74,7.885,7.885,7.642,7.618,7.816,7.868,7.756,7.751,7.736,7.747,7.632,7.6,7.619,7.639,7.62
0.393055556,7.673,7.677,7.76,7.876,8.049,8.139,7.624,7.613,7.607,7.632,7.63,7.739,7.739,7.884,7.885,7.642,7.618,7.816,7.868,7.755,7.75,7.735,7.746,7.632,7.6,7.619,7.638,7.621
0.394444444,7.672,7.676,7.759,7.875,8.049,8.139,7.623,7.612,7.606,7.632,7.63,7.739,7.738,7.883,7.884,7.641,7.618,7.816,7.868,7.755,7.75,7.735,7.745,7.632,7.599,7.619,7.638,7.621
0.395833333,7.672,7.676,7.758,7.875,8.049,8.139,7.622,7.612,7.606,7.631,7.629,7.738,7.738,7.883,7.883,7.64,7.617,7.816,7.867,7.755,7.75,7.734,7.745,7.631,7.598,7.618,7.638,7.62
0.397222222,7.672,7.675,7.758,7.874,8.048,8.138,7.622,7.612,7.606,7.63,7.629,7.738,7.738,7.882,7.883,7.64,7.616,7.816,7.866,7.755,7.75,7.734,7.745,7.631,7.598,7.617,7.638,7.62
0.398611111,7.672,7.674,7.758,7.874,8.047,8.138,7.622,7.611,7.605,7.63,7.629,7.738,7.737,7.882,7.883,7.64,7.616,7.815,7.866,7.755,7.749,7.734,7.744,7.631,7.598,7.617,7.638,7.619
0.4,7.671,7.674,7.757,7.874,8.047,8.137,7.621,7.608,7.604,7.63,7.628,7.737,7.737,7.882,7.882,7.639,7.616,7.814,7.866,7.754,7.748,7.733,7.743,7.631,7.597,7.617,7.637,7.618
0.401388889,7.671,7.674,7.756,7.873,8.047,8.137,7.62,7.607,7.604,7.629,7.627,7.736,7.736,7.882,7.881,7.639,7.616,7.813,7.865,7.753,7.748,7.732,7.743,7.63,7.596,7.617,7.636,7.618
0.402777778,7.67,7.674,7.755,7.872,8.046,8.138,7.62,7.609,7.604,7.628,7.627,7.736,7.735,7.881,7.881,7.639,7.615,7.813,7.865,7.753,7.748,7.732,7.743,7.629,7.596,7.617,7.636,7.618
0.404166667,7.67,7.673,7.755,7.871,8.045,8.138,7.62,7.608,7.603,7.628,7.627,7.735,7.735,7.88,7.881,7.639,7.615,7.813,7.865,7.753,7.747,7.732,7.742,7.629,7.596,7.616,7.636,7.618
0.405555556,7.67,7.673,7.755,7.871,8.045,8.138,7.619,7.606,7.603,7.628,7.627,7.734,7.735,7.88,7.881,7.638,7.615,7.813,7.864,7.752,7.747,7.731,7.742,7.629,7.596,7.615,7.636,7.617
0.406944444,7.669,7.672,7.754,7.87,8.045,8.137,7.618,7.608,7.603,7.627,7.626,7.733,7.735,7.879,7.881,7.637,7.614,7.812,7.864,7.751,7.747,7.731,7.741,7.628,7.596,7.615,7.635,7.617
0.408333333,7.669,7.671,7.753,7.87,8.045,8.137,7.618,7.607,7.602,7.627,7.625,7.733,7.734,7.879,7.88,7.637,7.614,7.811,7.863,7.751,7.747,7.73,7.74,7.627,7.596,7.615,7.635,7.617
0.409722222,7.669,7.671,7.753,7.87,8.045,8.137,7.618,7.605,7.602,7.627,7.625,7.733,7.733,7.878,7.879,7.637,7.613,7.811,7.863,7.75,7.746,7.729,7.74,7.627,7.596,7.614,7.634,7.617
0.411111111,7.669,7.671,7.752,7.869,8.045,8.137,7.618,7.605,7.601,7.627,7.625,7.732,7.733,7.878,7.879,7.636,7.613,7.811,7.863,7.75,7.745,7.729,7.74,7.627,7.595,7.613,7.634,7.617
0.4125,7.668,7.671,7.752,7.868,8.044,8.137,7.617,7.605,7.601,7.626,7.624,7.731,7.732,7.878,7.879,7.635,7.613,7.811,7.863,7.75,7.745,7.729,7.74,7.627,7.595,7.613,7.634,7.616
0.413888889,7.668,7.67,7.751,7.867,8.044,8.137,7.617,7.604,7.601,7.625,7.624,7.731,7.731,7.877,7.878,7.635,7.612,7.81,7.862,7.749,7.744,7.729,7.739,7.626,7.595,7.613,7.634,7.615
0.415277778,7.667,7.669,7.751,7.867,8.044,8.136,7.617,7.604,7.6,7.625,7.624,7.73,7.731,7.877,7.878,7.635,7.612,7.809,7.861,7.748,7.743,7.729,7.738,7.625,7.595,7.613,7.633,7.615
0.416666667,7.667,7.669,7.751,7.866,8.044,8.136,7.617,7.604,7.599,7.625,7.623,7.73,7.731,7.877,7.878,7.635,7.611,7.809,7.861,7.748,7.743,7.729,7.738,7.625,7.595,7.613,7.632,7.615
0.418055556,7.667,7.669,7.75,7.865,8.043,8.136,7.616,7.604,7.599,7.624,7.622,7.73,7.73,7.876,7.877,7.634,7.611,7.809,7.861,7.748,7.743,7.727,7.738,7.625,7.595,7.613,7.632,7.615
0.419444444,7.667,7.668,7.749,7.865,8.043,8.136,7.615,7.604,7.599,7.623,7.622,7.73,7.73,7.875,7.876,7.633,7.611,7.809,7.861,7.747,7.743,7.727,7.738,7.625,7.594,7.612,7.632,7.614
0.420833333,7.666,7.667,7.749,7.865,8.043,8.136,7.615,7.603,7.598,7.623,7.622,7.73,7.73,7.875,7.876,7.633,7.61,7.808,7.86,7.746,7.742,7.726,7.737,7.624,7.593,7.612,7.632,7.613
0.422222222,7.665,7.667,7.748,7.864,8.042,8.135,7.615,7.602,7.598,7.623,7.621,7.728,7.73,7.875,7.876,7.633,7.61,7.808,7.859,7.746,7.742,7.726,7.736,7.624,7.594,7.612,7.632,7.613
0.423611111,7.665,7.667,7.748,7.863,8.042,8.136,7.614,7.602,7.597,7.622,7.62,7.727,7.729,7.874,7.876,7.632,7.609,7.808,7.859,7.746,7.741,7.726,7.736,7.624,7.593,7.612,7.631,7.613
0.425,7.665,7.666,7.748,7.863,8.042,8.135,7.613,7.602,7.597,7.621,7.62,7.727,7.728,7.874,7.875,7.632,7.609,7.807,7.859,7.745,7.741,7.726,7.736,7.624,7.593,7.611,7.631,7.613
0.426388889,7.665,7.666,7.747,7.863,8.042,8.135,7.613,7.601,7.596,7.621,7.619,7.727,7.728,7.874,7.875,7.632,7.608,7.806,7.859,7.744,7.741,7.726,7.735,7.623,7.593,7.611,7.631,7.612
0.427777778,7.664,7.666,7.746,7.862,8.041,8.135,7.613,7.601,7.595,7.621,7.619,7.726,7.728,7.874,7.875,7.632,7.608,7.807,7.859,7.744,7.74,7.725,7.735,7.622,7.593,7.61,7.631,7.612
0.429166667,7.664,7.665,7.746,7.862,8.041,8.135,7.613,7.6,7.595,7.621,7.619,7.726,7.727,7.873,7.874,7.631,7.608,7.806,7.858,7.744,7.739,7.724,7.734,7.622,7.592,7.61,7.631,7.612
0.430555556,7.663,7.664,7.746,7.861,8.04,8.135,7.612,7.599,7.595,7.62,7.618,7.725,7.727,7.873,7.874,7.63,7.608,7.805,7.857,7.744,7.739,7.724,7.734,7.622,7.592,7.609,7.631,7.611
0.431944444,7.663,7.664,7.745,7.86,8.04,8.135,7.611,7.598,7.594,7.62,7.617,7.725,7.726,7.873,7.873,7.63,7.608,7.805,7.857,7.743,7.739,7.724,7.733,7.622,7.591,7.609,7.63,7.611
0.433333333,7.663,7.664,7.744,7.859,8.04,8.135,7.611,7.598,7.594,7.62,7.617,7.725,7.726,7.872,7.873,7.63,7.607,7.804,7.857,7.743,7.738,7.723,7.733,7.622,7.591,7.609,7.629,7.611
0.434722222,7.662,7.664,7.744,7.858,8.04,8.135,7.611,7.598,7.594,7.619,7.617,7.724,7.725,7.871,7.873,7.63,7.606,7.804,7.857,7.742,7.738,7.723,7.733,7.622,7.591,7.608,7.629,7.61
0.436111111,7.662,7.663,7.744,7.858,8.039,8.135,7.611,7.598,7.594,7.618,7.616,7.724,7.725,7.871,7.873,7.63,7.606,7.804,7.856,7.741,7.738,7.723,7.733,7.621,7.591,7.608,7.629,7.61
0.4375,7.662,7.662,7.744,7.858,8.039,8.134,7.61,7.597,7.592,7.618,7.615,7.723,7.725,7.871,7.872,7.629,7.606,7.803,7.856,7.741,7.737,7.723,7.732,7.621,7.591,7.608,7.629,7.61
0.438888889,7.662,7.662,7.743,7.857,8.039,8.135,7.61,7.597,7.592,7.618,7.616,7.722,7.724,7.87,7.872,7.628,7.605,7.803,7.856,7.741,7.736,7.722,7.731,7.62,7.591,7.608,7.629,7.61
0.440277778,7.661,7.662,7.742,7.857,8.039,8.135,7.61,7.596,7.593,7.617,7.615,7.722,7.723,7.87,7.872,7.628,7.605,7.803,7.855,7.741,7.736,7.721,7.731,7.619,7.59,7.608,7.628,7.609
0.441666667,7.66,7.661,7.741,7.857,8.038,8.134,7.609,7.596,7.592,7.617,7.615,7.722,7.723,7.87,7.871,7.628,7.604,7.802,7.855,7.741,7.736,7.72,7.73,7.619,7.59,7.607,7.627,7.609
0.443055556,7.66,7.661,7.741,7.857,8.038,8.134,7.609,7.595,7.591,7.616,7.614,7.721,7.723,7.869,7.871,7.628,7.604,7.802,7.854,7.74,7.735,7.72,7.73,7.619,7.59,7.607,7.627,7.61
0.444444444,7.66,7.661,7.74,7.856,8.037,8.134,7.608,7.595,7.591,7.616,7.614,7.721,7.723,7.869,7.87,7.627,7.603,7.801,7.854,7.739,7.735,7.72,7.73,7.619,7.589,7.607,7.627,7.609
0.445833333,7.66,7.66,7.74,7.855,8.037,8.134,7.608,7.595,7.59,7.616,7.613,7.721,7.723,7.868,7.87,7.627,7.603,7.801,7.853,7.739,7.735,7.719,7.729,7.619,7.589,7.607,7.627,7.608
0.447222222,7.66,7.66,7.74,7.854,8.037,8.134,7.608,7.595,7.59,7.615,7.613,7.72,7.722,7.868,7.869,7.627,7.604,7.801,7.853,7.738,7.735,7.719,7.729,7.618,7.589,7.606,7.626,7.608
0.448611111,7.659,7.659,7.739,7.853,8.037,8.134,7.607,7.594,7.589,7.615,7.613,7.72,7.721,7.867,7.868,7.626,7.603,7.801,7.853,7.738,7.735,7.719,7.729,7.617,7.589,7.606,7.626,7.608
0.45,7.658,7.659,7.739,7.853,8.037,8.134,7.607,7.594,7.589,7.615,7.612,7.719,7.721,7.867,7.869,7.625,7.602,7.801,7.852,7.738,7.734,7.718,7.728,7.617,7.589,7.605,7.626,7.608
0.451388889,7.658,7.659,7.739,7.852,8.036,8.134,7.606,7.593,7.589,7.615,7.612,7.718,7.72,7.867,7.868,7.625,7.601,7.8,7.852,7.738,7.733,7.717,7.728,7.617,7.588,7.605,7.626,7.607
0.452777778,7.658,7.658,7.738,7.852,8.035,8.133,7.606,7.593,7.589,7.614,7.612,7.718,7.72,7.867,7.868,7.625,7.601,7.799,7.852,7.738,7.733,7.717,7.728,7.617,7.588,7.605,7.625,7.606
0.454166667,7.658,7.657,7.738,7.851,8.035,8.133,7.606,7.593,7.588,7.613,7.611,7.718,7.719,7.866,7.868,7.625,7.601,7.799,7.851,7.737,7.733,7.717,7.727,7.617,7.588,7.605,7.625,7.606
0.455555556,7.657,7.657,7.738,7.851,8.035,8.133,7.605,7.592,7.588,7.613,7.61,7.717,7.719,7.866,7.867,7.625,7.6,7.799,7.851,7.736,7.732,7.717,7.727,7.616,7.587,7.605,7.625,7.606
0.456944444,7.657,7.657,7.737,7.85,8.035,8.132,7.605,7.591,7.587,7.613,7.61,7.717,7.719,7.866,7.867,7.624,7.6,7.799,7.851,7.735,7.732,7.717,7.727,7.616,7.587,7.604,7.624,7.606
0.458333333,7.657,7.656,7.736,7.85,8.035,8.133,7.605,7.591,7.587,7.613,7.61,7.716,7.718,7.865,7.867,7.623,7.6,7.798,7.851,7.735,7.731,7.716,7.726,7.615,7.587,7.603,7.624,7.606
0.459722222,7.657,7.655,7.736,7.849,8.035,8.133,7.605,7.591,7.586,7.612,7.609,7.716,7.718,7.864,7.867,7.624,7.599,7.797,7.851,7.735,7.731,7.715,7.726,7.615,7.587,7.603,7.624,7.605
0.461111111,7.657,7.655,7.735,7.848,8.034,8.132,7.604,7.591,7.586,7.611,7.608,7.715,7.717,7.864,7.866,7.624,7.599,7.797,7.85,7.734,7.731,7.715,7.726,7.615,7.587,7.603,7.624,7.605
0.4625,7.656,7.655,7.735,7.848,8.033,8.132,7.603,7.591,7.586,7.611,7.608,7.714,7.717,7.864,7.866,7.623,7.599,7.797,7.849,7.734,7.73,7.715,7.725,7.615,7.586,7.603,7.623,7.605
0.463888889,7.655,7.655,7.734,7.848,8.033,8.132,7.603,7.59,7.585,7.611,7.608,7.715,7.716,7.864,7.866,7.622,7.598,7.796,7.849,7.734,7.729,7.715,7.724,7.614,7.586,7.603,7.622,7.604
0.465277778,7.655,7.654,7.734,7.847,8.033,8.132,7.603,7.588,7.585,7.61,7.608,7.714,7.716,7.864,7.865,7.622,7.598,7.796,7.849,7.733,7.729,7.715,7.724,7.613,7.586,7.602,7.622,7.604
0.466666667,7.655,7.654,7.734,7.846,8.033,8.132,7.602,7.588,7.585,7.609,7.607,7.714,7.716,7.864,7.864,7.621,7.598,7.796,7.848,7.733,7.729,7.714,7.724,7.613,7.586,7.602,7.622,7.604
0.468055556,7.655,7.654,7.733,7.846,8.032,8.132,7.601,7.588,7.584,7.609,7.606,7.713,7.716,7.863,7.864,7.621,7.597,7.796,7.848,7.733,7.728,7.714,7.723,7.613,7.586,7.602,7.622,7.603
0.469444444,7.655,7.654,7.732,7.845,8.032,8.132,7.601,7.588,7.584,7.609,7.606,7.712,7.715,7.862,7.864,7.621,7.597,7.795,7.847,7.732,7.728,7.713,7.723,7.613,7.585,7.601,7.622,7.603
0.470833333,7.655,7.654,7.732,7.845,8.032,8.131,7.601,7.588,7.583,7.609,7.606,7.712,7.714,7.862,7.863,7.62,7.597,7.794,7.847,7.732,7.728,7.712,7.723,7.612,7.585,7.601,7.621,7.602
0.472222222,7.654,7.653,7.732,7.844,8.032,8.131,7.601,7.587,7.582,7.608,7.605,7.712,7.714,7.862,7.863,7.62,7.597,7.794,7.846,7.731,7.727,7.712,7.722,7.612,7.584,7.601,7.621,7.602
0.473611111,7.653,7.652,7.731,7.844,8.031,8.13,7.601,7.586,7.582,7.608,7.605,7.711,7.714,7.862,7.863,7.62,7.596,7.794,7.846,7.731,7.727,7.712,7.722,7.612,7.584,7.601,7.62,7.603
0.475,7.653,7.652,7.731,7.843,8.031,8.131,7.6,7.586,7.582,7.608,7.605,7.71,7.714,7.861,7.863,7.62,7.596,7.794,7.846,7.731,7.726,7.712,7.721,7.611,7.584,7.6,7.62,7.603
0.476388889,7.653,7.652,7.731,7.842,8.031,8.131,7.6,7.585,7.582,7.608,7.605,7.71,7.713,7.86,7.862,7.62,7.596,7.794,7.845,7.73,7.726,7.712,7.721,7.611,7.584,7.6,7.62,7.602
0.477777778,7.653,7.651,7.73,7.842,8.03,8.131,7.599,7.585,7.582,7.607,7.605,7.71,7.712,7.86,7.862,7.619,7.596,7.793,7.845,7.73,7.726,7.711,7.721,7.611,7.584,7.6,7.62,7.602
0.479166667,7.652,7.65,7.73,7.842,8.03,8.131,7.599,7.585,7.581,7.606,7.604,7.709,7.712,7.86,7.862,7.618,7.595,7.792,7.845,7.73,7.726,7.71,7.72,7.611,7.584,7.6,7.62,7.601
0.480555556,7.652,7.65,7.729,7.841,8.03,8.13,7.599,7.584,7.581,7.606,7.603,7.709,7.712,7.859,7.861,7.618,7.595,7.792,7.844,7.729,7.725,7.71,7.719,7.61,7.584,7.6,7.62,7.601
0.481944444,7.652,7.65,7.729,7.84,8.029,8.13,7.598,7.584,7.581,7.606,7.603,7.709,7.711,7.859,7.86,7.618,7.594,7.792,7.844,7.729,7.724,7.71,7.719,7.61,7.583,7.599,7.619,7.601
0.483333333,7.652,7.65,7.728,7.84,8.029,8.13,7.598,7.584,7.58,7.605,7.602,7.708,7.711,7.859,7.86,7.618,7.594,7.791,7.844,7.728,7.724,7.709,7.719,7.61,7.583,7.598,7.619,7.601
0.484722222,7.652,7.649,7.727,7.839,8.029,8.13,7.597,7.583,7.58,7.605,7.602,7.708,7.711,7.859,7.86,7.617,7.594,7.791,7.844,7.728,7.724,7.708,7.718,7.61,7.582,7.598,7.619,7.601
0.486111111,7.651,7.649,7.727,7.839,8.029,8.13,7.598,7.582,7.58,7.604,7.601,7.707,7.71,7.858,7.86,7.616,7.594,7.791,7.843,7.728,7.723,7.708,7.718,7.609,7.582,7.598,7.618,7.6
0.4875,7.65,7.649,7.727,7.839,8.028,8.13,7.598,7.582,7.579,7.604,7.601,7.706,7.71,7.858,7.859,7.616,7.593,7.791,7.843,7.727,7.724,7.708,7.718,7.608,7.583,7.598,7.617,7.599
0.488888889,7.65,7.648,7.726,7.838,8.028,8.13,7.597,7.581,7.579,7.604,7.601,7.707,7.709,7.858,7.859,7.616,7.593,7.79,7.842,7.727,7.723,7.708,7.718,7.608,7.583,7.598,7.618,7.599
0.490277778,7.65,7.647,7.726,7.838,8.028,8.129,7.596,7.581,7.579,7.604,7.6,7.707,7.709,7.858,7.859,7.616,7.592,7.789,7.842,7.727,7.722,7.708,7.718,7.608,7.582,7.597,7.618,7.598
0.491666667,7.65,7.647,7.726,7.837,8.027,8.13,7.596,7.581,7.578,7.603,7.6,7.706,7.709,7.857,7.859,7.615,7.592,7.789,7.842,7.726,7.722,7.707,7.717,7.608,7.581,7.596,7.618,7.598
0.493055556,7.65,7.647,7.725,7.836,8.027,8.13,7.596,7.581,7.577,7.602,7.6,7.705,7.708,7.857,7.858,7.615,7.592,7.789,7.842,7.726,7.721,7.707,7.716,7.608,7.581,7.597,7.617,7.598
0.494444444,7.649,7.647,7.724,7.836,8.027,8.129,7.596,7.581,7.577,7.602,7.6,7.705,7.707,7.857,7.858,7.615,7.591,7.789,7.841,7.726,7.721,7.706,7.716,7.607,7.581,7.596,7.617,7.598
0.495833333,7.648,7.647,7.724,7.836,8.027,8.129,7.595,7.58,7.577,7.602,7.599,7.705,7.707,7.856,7.857,7.615,7.591,7.789,7.841,7.726,7.721,7.706,7.716,7.607,7.581,7.596,7.617,7.598
0.497222222,7.648,7.646,7.724,7.835,8.027,8.129,7.594,7.579,7.576,7.602,7.598,7.704,7.707,7.855,7.857,7.614,7.591,7.788,7.841,7.725,7.72,7.706,7.716,7.607,7.581,7.596,7.617,7.598
0.498611111,7.648,7.645,7.724,7.834,8.026,8.129,7.594,7.579,7.576,7.601,7.598,7.704,7.706,7.855,7.857,7.614,7.59,7.787,7.84,7.724,7.72,7.706,7.715,7.607,7.58,7.596,7.616,7.598
0.5,7.648,7.645,7.723,7.834,8.026,8.129,7.594,7.579,7.576,7.601,7.598,7.704,7.706,7.855,7.857,7.614,7.59,7.788,7.84,7.724,7.72,7.705,7.715,7.607,7.58,7.595,7.615,7.597
0.501388889,7.648,7.645,7.723,7.834,8.026,8.129,7.594,7.579,7.575,7.601,7.598,7.703,7.706,7.854,7.857,7.613,7.589,7.788,7.84,7.724,7.719,7.705,7.714,7.607,7.581,7.595,7.615,7.597
0.502777778,7.647,7.645,7.722,7.833,8.025,8.129,7.593,7.578,7.574,7.6,7.597,7.702,7.706,7.854,7.856,7.613,7.589,7.787,7.839,7.723,7.719,7.705,7.714,7.607,7.58,7.595,7.615,7.598
0.504166667,7.646,7.644,7.722,7.833,8.025,8.129,7.593,7.577,7.574,7.6,7.596,7.702,7.706,7.853,7.856,7.613,7.589,7.786,7.839,7.723,7.718,7.705,7.714,7.606,7.58,7.595,7.615,7.597
0.505555556,7.646,7.644,7.722,7.832,8.025,8.128,7.593,7.577,7.574,7.599,7.596,7.702,7.705,7.853,7.855,7.613,7.589,7.785,7.838,7.722,7.718,7.705,7.713,7.605,7.579,7.594,7.615,7.596
0.506944444,7.646,7.644,7.721,7.831,8.024,8.127,7.593,7.576,7.574,7.599,7.596,7.702,7.704,7.853,7.855,7.613,7.588,7.785,7.838,7.722,7.719,7.704,7.712,7.605,7.579,7.594,7.615,7.596
0.508333333,7.646,7.644,7.72,7.831,8.023,8.127,7.592,7.576,7.573,7.599,7.596,7.701,7.704,7.853,7.855,7.613,7.588,7.785,7.838,7.722,7.718,7.703,7.712,7.605,7.579,7.594,7.615,7.596
0.509722222,7.645,7.643,7.72,7.83,8.023,8.127,7.592,7.576,7.573,7.598,7.595,7.7,7.704,7.852,7.854,7.612,7.588,7.784,7.838,7.722,7.718,7.703,7.712,7.604,7.579,7.593,7.614,7.595
0.511111111,7.645,7.643,7.72,7.829,8.023,8.127,7.591,7.576,7.573,7.597,7.594,7.7,7.704,7.852,7.854,7.611,7.587,7.784,7.837,7.721,7.717,7.703,7.712,7.604,7.578,7.593,7.614,7.595
0.5125,7.645,7.642,7.719,7.829,8.023,8.127,7.591,7.576,7.572,7.597,7.594,7.7,7.703,7.852,7.854,7.611,7.587,7.784,7.837,7.72,7.717,7.703,7.712,7.604,7.578,7.593,7.614,7.594
0.513888889,7.645,7.642,7.719,7.829,8.023,8.127,7.591,7.575,7.572,7.597,7.594,7.699,7.702,7.852,7.854,7.611,7.587,7.784,7.837,7.72,7.716,7.703,7.711,7.604,7.577,7.593,7.613,7.594
0.515277778,7.645,7.642,7.719,7.829,8.023,8.127,7.591,7.575,7.572,7.597,7.593,7.699,7.702,7.851,7.853,7.61,7.587,7.784,7.837,7.72,7.716,7.702,7.711,7.604,7.577,7.593,7.613,7.594
0.516666667,7.644,7.641,7.719,7.828,8.023,8.127,7.59,7.575,7.571,7.597,7.593,7.698,7.702,7.85,7.852,7.609,7.586,7.783,7.836,7.719,7.716,7.702,7.711,7.603,7.577,7.593,7.613,7.594
0.518055556,7.644,7.64,7.719,7.828,8.022,8.127,7.589,7.574,7.571,7.596,7.593,7.698,7.701,7.85,7.852,7.609,7.585,7.783,7.835,7.719,7.716,7.702,7.711,7.603,7.577,7.593,7.612,7.594
0.519444444,7.643,7.64,7.718,7.827,8.022,8.127,7.589,7.574,7.571,7.596,7.592,7.698,7.701,7.85,7.852,7.609,7.585,7.782,7.835,7.719,7.715,7.702,7.709,7.603,7.577,7.592,7.612,7.594
0.520833333,7.643,7.64,7.717,7.827,8.021,8.127,7.589,7.574,7.57,7.596,7.591,7.697,7.701,7.85,7.852,7.609,7.585,7.782,7.835,7.719,7.715,7.7,7.709,7.602,7.577,7.591,7.612,7.594
0.522222222,7.643,7.64,7.717,7.827,8.021,8.126,7.589,7.573,7.57,7.596,7.592,7.697,7.7,7.85,7.851,7.609,7.585,7.782,7.835,7.719,7.714,7.7,7.709,7.602,7.577,7.591,7.612,7.593
0.523611111,7.643,7.64,7.716,7.826,8.021,8.126,7.588,7.572,7.57,7.595,7.591,7.696,7.7,7.849,7.851,7.609,7.585,7.782,7.834,7.719,7.714,7.7,7.709,7.601,7.577,7.591,7.612,7.593
0.525,7.642,7.64,7.715,7.826,8.021,8.126,7.588,7.573,7.569,7.594,7.591,7.695,7.699,7.849,7.851,7.608,7.584,7.782,7.833,7.718,7.714,7.7,7.708,7.601,7.576,7.591,7.611,7.593
0.526388889,7.642,7.64,7.715,7.825,8.02,8.126,7.588,7.572,7.568,7.594,7.591,7.695,7.699,7.849,7.851,7.608,7.584,7.781,7.833,7.717,7.714,7.7,7.708,7.601,7.576,7.591,7.611,7.593
0.527777778,7.641,7.639,7.715,7.824,8.02,8.126,7.587,7.571,7.568,7.594,7.59,7.695,7.699,7.848,7.85,7.608,7.583,7.78,7.833,7.717,7.714,7.7,7.707,7.601,7.576,7.59,7.611,7.593
0.529166667,7.641,7.638,7.715,7.824,8.02,8.125,7.586,7.571,7.568,7.593,7.589,7.695,7.699,7.848,7.849,7.608,7.583,7.78,7.833,7.717,7.713,7.699,7.707,7.601,7.576,7.589,7.61,7.592
0.530555556,7.641,7.638,7.715,7.824,8.02,8.125,7.587,7.571,7.567,7.593,7.589,7.694,7.698,7.847,7.85,7.608,7.583,7.78,7.832,7.716,7.712,7.698,7.707,7.6,7.576,7.589,7.61,7.591
0.531944444,7.641,7.638,7.714,7.824,8.02,8.125,7.586,7.57,7.567,7.592,7.589,7.693,7.698,7.847,7.849,7.607,7.582,7.78,7.832,7.715,7.712,7.698,7.706,7.6,7.576,7.589,7.61,7.591
0.533333333,7.641,7.637,7.714,7.823,8.02,8.125,7.586,7.57,7.567,7.592,7.589,7.693,7.697,7.847,7.849,7.606,7.582,7.78,7.832,7.715,7.712,7.697,7.706,7.6,7.575,7.589,7.61,7.591
0.534722222,7.64,7.637,7.713,7.822,8.019,8.125,7.586,7.57,7.567,7.592,7.588,7.692,7.697,7.847,7.848,7.606,7.582,7.779,7.832,7.715,7.711,7.697,7.706,7.6,7.575,7.589,7.61,7.591
0.536111111,7.64,7.637,7.713,7.821,8.018,8.125,7.585,7.569,7.567,7.592,7.588,7.692,7.696,7.847,7.848,7.605,7.581,7.778,7.831,7.714,7.711,7.696,7.706,7.6,7.574,7.589,7.609,7.591
0.5375,7.64,7.636,7.712,7.821,8.018,8.125,7.585,7.569,7.566,7.592,7.588,7.693,7.696,7.846,7.848,7.605,7.58,7.778,7.831,7.714,7.71,7.696,7.705,7.6,7.574,7.589,7.608,7.591
0.538888889,7.64,7.635,7.712,7.821,8.018,8.125,7.584,7.569,7.565,7.591,7.588,7.692,7.695,7.845,7.847,7.606,7.58,7.777,7.83,7.714,7.71,7.696,7.704,7.6,7.574,7.589,7.608,7.59
0.540277778,7.639,7.635,7.712,7.82,8.018,8.124,7.584,7.569,7.565,7.591,7.587,7.691,7.695,7.845,7.847,7.605,7.58,7.777,7.83,7.714,7.71,7.696,7.704,7.599,7.574,7.588,7.609,7.59
0.541666667,7.639,7.635,7.711,7.819,8.018,8.124,7.584,7.568,7.565,7.59,7.587,7.691,7.695,7.845,7.847,7.604,7.58,7.777,7.83,7.713,7.709,7.696,7.704,7.598,7.574,7.589,7.608,7.59
0.543055556,7.639,7.635,7.71,7.819,8.017,8.124,7.584,7.568,7.565,7.59,7.586,7.691,7.695,7.845,7.846,7.604,7.58,7.777,7.83,7.712,7.709,7.695,7.704,7.598,7.574,7.589,7.608,7.59
0.544444444,7.638,7.635,7.71,7.819,8.017,8.125,7.584,7.567,7.564,7.59,7.586,7.691,7.694,7.845,7.846,7.604,7.58,7.777,7.83,7.712,7.709,7.695,7.704,7.598,7.573,7.587,7.608,7.589
0.545833333,7.638,7.634,7.71,7.818,8.017,8.124,7.583,7.567,7.563,7.59,7.586,7.69,7.694,7.844,7.846,7.604,7.58,7.777,7.829,7.712,7.709,7.695,7.703,7.598,7.572,7.587,7.608,7.589
0.547222222,7.638,7.633,7.71,7.817,8.016,8.124,7.582,7.566,7.563,7.589,7.585,7.69,7.693,7.844,7.845,7.604,7.579,7.777,7.828,7.712,7.708,7.695,7.702,7.597,7.572,7.587,7.607,7.589
0.548611111,7.638,7.633,7.71,7.817,8.015,8.123,7.582,7.566,7.563,7.589,7.584,7.69,7.693,7.843,7.845,7.603,7.579,7.776,7.828,7.711,7.708,7.695,7.702,7.597,7.572,7.587,7.607,7.588
0.55,7.638,7.633,7.709,7.816,8.015,8.123,7.582,7.566,7.562,7.589,7.584,7.689,7.693,7.843,7.845,7.603,7.579,7.775,7.828,7.711,7.708,7.694,7.702,7.597,7.572,7.586,7.607,7.588
0.551388889,7.637,7.633,7.709,7.816,8.015,8.123,7.582,7.565,7.562,7.588,7.584,7.688,7.693,7.843,7.845,7.603,7.579,7.775,7.828,7.711,7.707,7.694,7.702,7.596,7.572,7.586,7.607,7.588
0.552777778,7.636,7.633,7.708,7.816,8.015,8.123,7.582,7.565,7.562,7.587,7.584,7.688,7.692,7.843,7.844,7.602,7.578,7.775,7.828,7.711,7.707,7.693,7.702,7.596,7.572,7.586,7.607,7.588
0.554166667,7.636,7.632,7.708,7.816,8.015,8.123,7.581,7.565,7.562,7.587,7.583,7.688,7.691,7.843,7.844,7.602,7.577,7.774,7.828,7.71,7.707,7.693,7.701,7.596,7.572,7.586,7.607,7.587
0.555555556,7.636,7.632,7.707,7.815,8.015,8.123,7.581,7.564,7.561,7.587,7.584,7.688,7.691,7.842,7.844,7.602,7.577,7.773,7.827,7.709,7.707,7.693,7.701,7.595,7.572,7.586,7.606,7.587
0.556944444,7.636,7.632,7.707,7.815,8.014,8.122,7.581,7.564,7.561,7.587,7.583,7.687,7.69,7.841,7.843,7.602,7.577,7.773,7.827,7.708,7.706,7.693,7.7,7.595,7.572,7.586,7.605,7.587
0.558333333,7.636,7.631,7.707,7.814,8.014,8.122,7.58,7.564,7.56,7.587,7.582,7.686,7.69,7.841,7.843,7.601,7.577,7.773,7.827,7.708,7.706,7.693,7.7,7.595,7.572,7.585,7.606,7.587
0.559722222,7.635,7.631,7.706,7.814,8.013,8.122,7.58,7.563,7.56,7.586,7.581,7.686,7.69,7.841,7.843,7.601,7.577,7.773,7.827,7.708,7.705,7.692,7.7,7.595,7.571,7.585,7.605,7.587
0.561111111,7.634,7.63,7.706,7.813,8.013,8.122,7.58,7.564,7.56,7.585,7.582,7.686,7.69,7.841,7.843,7.601,7.577,7.773,7.825,7.708,7.705,7.691,7.699,7.595,7.571,7.585,7.605,7.586
0.5625,7.634,7.63,7.705,7.812,8.013,8.122,7.58,7.563,7.56,7.585,7.581,7.686,7.689,7.841,7.843,7.601,7.576,7.773,7.825,7.708,7.705,7.691,7.699,7.595,7.571,7.584,7.605,7.586
0.563888889,7.634,7.63,7.705,7.812,8.013,8.122,7.579,7.562,7.56,7.585,7.582,7.685,7.689,7.84,7.843,7.601,7.575,7.772,7.825,7.708,7.705,7.691,7.699,7.594,7.571,7.584,7.605,7.586
0.565277778,7.634,7.63,7.705,7.811,8.013,8.122,7.579,7.562,7.56,7.585,7.581,7.684,7.688,7.84,7.842,7.6,7.575,7.772,7.825,7.708,7.704,7.691,7.699,7.593,7.57,7.584,7.605,7.586
0.566666667,7.634,7.63,7.705,7.811,8.012,8.122,7.579,7.562,7.559,7.584,7.58,7.685,7.688,7.84,7.841,7.599,7.575,7.772,7.825,7.707,7.704,7.69,7.698,7.593,7.57,7.584,7.605,7.586
0.568055556,7.634,7.629,7.704,7.811,8.012,8.121,7.578,7.562,7.558,7.584,7.579,7.684,7.688,7.84,7.841,7.599,7.574,7.772,7.825,7.707,7.704,7.69,7.697,7.593,7.57,7.584,7.604,7.586
0.569444444,7.634,7.628,7.703,7.81,8.012,8.121,7.577,7.561,7.558,7.584,7.579,7.683,7.688,7.839,7.841,7.599,7.574,7.771,7.825,7.707,7.704,7.69,7.697,7.593,7.569,7.583,7.604,7.585
0.570833333,7.633,7.628,7.703,7.809,8.011,8.121,7.577,7.56,7.558,7.584,7.579,7.683,7.688,7.838,7.84,7.599,7.575,7.77,7.825,7.707,7.703,7.69,7.697,7.593,7.569,7.583,7.603,7.585
0.572222222,7.633,7.628,7.703,7.809,8.011,8.122,7.577,7.561,7.558,7.584,7.579,7.683,7.687,7.838,7.84,7.599,7.574,7.77,7.824,7.706,7.702,7.689,7.696,7.593,7.569,7.583,7.603,7.584
0.573611111,7.633,7.628,7.703,7.809,8.011,8.121,7.577,7.56,7.557,7.583,7.579,7.683,7.687,7.838,7.84,7.598,7.573,7.77,7.823,7.705,7.702,7.688,7.696,7.593,7.569,7.583,7.603,7.584
0.575,7.633,7.628,7.702,7.809,8.011,8.121,7.577,7.56,7.557,7.582,7.579,7.683,7.687,7.838,7.84,7.598,7.573,7.77,7.823,7.705,7.701,7.689,7.695,7.592,7.569,7.583,7.603,7.585
0.576388889,7.633,7.627,7.702,7.808,8.011,8.122,7.577,7.56,7.557,7.582,7.578,7.683,7.686,7.838,7.84,7.598,7.573,7.77,7.823,7.705,7.701,7.688,7.695,7.592,7.569,7.582,7.603,7.585
0.577777778,7.632,7.627,7.702,7.807,8.01,8.121,7.576,7.559,7.556,7.582,7.577,7.682,7.685,7.837,7.84,7.598,7.573,7.769,7.823,7.705,7.7,7.688,7.695,7.592,7.569,7.582,7.603,7.584
0.579166667,7.631,7.627,7.702,7.807,8.01,8.12,7.575,7.559,7.556,7.582,7.577,7.681,7.685,7.836,7.839,7.597,7.572,7.768,7.822,7.704,7.7,7.688,7.695,7.592,7.568,7.581,7.602,7.584
0.580555556,7.631,7.627,7.701,7.807,8.01,8.12,7.575,7.559,7.556,7.582,7.577,7.681,7.685,7.836,7.839,7.596,7.572,7.768,7.821,7.703,7.7,7.688,7.694,7.591,7.568,7.581,7.601,7.584
0.581944444,7.631,7.626,7.7,7.806,8.01,8.121,7.575,7.559,7.556,7.581,7.577,7.681,7.684,7.836,7.839,7.596,7.572,7.768,7.821,7.703,7.7,7.687,7.694,7.591,7.569,7.581,7.601,7.584
0.583333333,7.631,7.625,7.7,7.806,8.009,8.12,7.575,7.558,7.556,7.58,7.577,7.68,7.683,7.836,7.838,7.596,7.572,7.767,7.821,7.703,7.7,7.686,7.694,7.59,7.569,7.581,7.601,7.583
0.584722222,7.631,7.625,7.7,7.805,8.008,8.12,7.575,7.558,7.555,7.58,7.577,7.68,7.683,7.835,7.838,7.596,7.572,7.767,7.821,7.703,7.7,7.686,7.694,7.59,7.568,7.581,7.601,7.583
0.586111111,7.63,7.625,7.7,7.804,8.009,8.12,7.574,7.557,7.555,7.58,7.576,7.679,7.683,7.835,7.837,7.596,7.572,7.767,7.82,7.703,7.7,7.686,7.694,7.59,7.567,7.581,7.601,7.583
0.5875,7.63,7.625,7.699,7.804,8.008,8.12,7.574,7.557,7.555,7.58,7.575,7.679,7.683,7.834,7.837,7.596,7.572,7.767,7.82,7.702,7.7,7.686,7.694,7.589,7.567,7.581,7.601,7.582
0.588888889,7.63,7.625,7.698,7.804,8.008,8.12,7.574,7.556,7.554,7.58,7.575,7.678,7.683,7.834,7.837,7.596,7.571,7.767,7.82,7.702,7.699,7.686,7.693,7.589,7.568,7.581,7.601,7.582
0.590277778,7.629,7.624,7.698,7.803,8.008,8.12,7.573,7.555,7.553,7.579,7.575,7.678,7.682,7.834,7.836,7.596,7.57,7.766,7.82,7.702,7.698,7.686,7.692,7.589,7.567,7.581,7.601,7.582
0.591666667,7.629,7.623,7.698,7.803,8.008,8.12,7.572,7.556,7.553,7.579,7.574,7.678,7.682,7.834,7.836,7.595,7.57,7.766,7.82,7.702,7.698,7.686,7.692,7.589,7.567,7.581,7.6,7.582
0.593055556,7.629,7.623,7.698,7.803,8.008,8.12,7.573,7.556,7.553,7.578,7.574,7.678,7.682,7.834,7.836,7.595,7.57,7.766,7.819,7.702,7.698,7.686,7.692,7.589,7.567,7.58,7.6,7.582
0.594444444,7.629,7.623,7.698,7.803,8.008,8.12,7.573,7.555,7.553,7.578,7.574,7.677,7.681,7.833,7.835,7.594,7.57,7.766,7.819,7.702,7.698,7.685,7.691,7.589,7.567,7.579,7.6,7.582
0.595833333,7.629,7.623,7.697,7.802,8.007,8.119,7.572,7.555,7.552,7.578,7.573,7.676,7.681,7.833,7.835,7.594,7.57,7.765,7.818,7.701,7.698,7.684,7.691,7.589,7.566,7.579,7.6,7.581
0.597222222,7.628,7.623,7.697,7.801,8.006,8.119,7.572,7.555,7.552,7.578,7.572,7.676,7.681,7.833,7.835,7.594,7.569,7.765,7.818,7.7,7.697,7.684,7.69,7.589,7.565,7.579,7.599,7.581
0.598611111,7.628,7.623,7.697,7.8,8.006,8.119,7.572,7.554,7.552,7.577,7.572,7.676,7.68,7.833,7.835,7.594,7.569,7.765,7.818,7.7,7.697,7.683,7.69,7.588,7.565,7.579,7.599,7.581
0.6,7.628,7.622,7.696,7.8,8.006,8.118,7.572,7.554,7.551,7.577,7.572,7.676,7.68,7.833,7.835,7.594,7.569,7.765,7.817,7.7,7.697,7.683,7.69,7.588,7.565,7.578,7.6,7.581
0.601388889,7.628,7.621,7.696,7.8,8.005,8.119,7.571,7.554,7.551,7.577,7.572,7.675,7.68,7.833,7.834,7.594,7.568,7.765,7.817,7.699,7.697,7.683,7.689,7.587,7.565,7.577,7.599,7.581
0.602777778,7.627,7.621,7.695,7.8,8.004,8.119,7.571,7.553,7.551,7.577,7.572,7.674,7.68,7.832,7.833,7.594,7.568,7.764,7.816,7.699,7.696,7.683,7.689,7.588,7.565,7.578,7.599,7.58
0.604166667,7.626,7.621,7.695,7.8,8.004,8.118,7.571,7.553,7.551,7.577,7.572,7.675,7.68,7.831,7.833,7.593,7.568,7.764,7.816,7.699,7.695,7.683,7.689,7.588,7.565,7.578,7.599,7.579
0.605555556,7.626,7.621,7.695,7.799,8.004,8.118,7.57,7.552,7.55,7.576,7.571,7.675,7.679,7.831,7.833,7.593,7.568,7.763,7.816,7.699,7.695,7.683,7.689,7.587,7.565,7.578,7.598,7.579
0.606944444,7.626,7.62,7.694,7.799,8.004,8.118,7.57,7.552,7.55,7.576,7.57,7.674,7.678,7.831,7.833,7.592,7.568,7.763,7.816,7.698,7.695,7.682,7.689,7.586,7.565,7.577,7.598,7.579
0.608333333,7.626,7.62,7.694,7.798,8.004,8.118,7.57,7.552,7.55,7.575,7.57,7.674,7.678,7.831,7.833,7.592,7.567,7.763,7.816,7.698,7.695,7.682,7.689,7.586,7.564,7.577,7.598,7.579
0.609722222,7.626,7.62,7.694,7.797,8.004,8.118,7.57,7.551,7.55,7.575,7.57,7.674,7.678,7.83,7.833,7.592,7.567,7.763,7.815,7.697,7.695,7.682,7.688,7.586,7.565,7.577,7.598,7.579
0.611111111,7.625,7.62,7.693,7.797,8.003,8.118,7.57,7.551,7.55,7.575,7.57,7.673,7.678,7.83,7.832,7.592,7.566,7.762,7.815,7.697,7.694,7.682,7.688,7.586,7.565,7.577,7.597,7.579
0.6125,7.625,7.619,7.693,7.797,8.003,8.118,7.569,7.551,7.549,7.575,7.57,7.672,7.677,7.83,7.832,7.591,7.566,7.762,7.815,7.697,7.693,7.681,7.687,7.586,7.564,7.576,7.597,7.579
0.613888889,7.625,7.619,7.693,7.796,8.003,8.118,7.569,7.551,7.548,7.574,7.569,7.672,7.676,7.829,7.832,7.591,7.566,7.761,7.814,7.696,7.693,7.681,7.687,7.585,7.564,7.576,7.596,7.579
0.615277778,7.624,7.618,7.692,7.795,8.003,8.117,7.569,7.551,7.548,7.573,7.569,7.672,7.676,7.829,7.831,7.59,7.565,7.761,7.814,7.696,7.693,7.681,7.687,7.585,7.564,7.576,7.596,7.579
0.616666667,7.624,7.618,7.692,7.795,8.003,8.117,7.568,7.551,7.548,7.573,7.569,7.672,7.676,7.829,7.831,7.59,7.565,7.761,7.814,7.696,7.693,7.681,7.686,7.584,7.564,7.576,7.596,7.578
0.618055556,7.624,7.618,7.692,7.795,8.002,8.117,7.568,7.55,7.548,7.573,7.569,7.671,7.676,7.828,7.831,7.59,7.565,7.761,7.814,7.696,7.693,7.68,7.686,7.584,7.564,7.576,7.596,7.578
0.619444444,7.624,7.618,7.692,7.794,8.002,8.117,7.568,7.55,7.548,7.573,7.569,7.671,7.676,7.828,7.831,7.59,7.565,7.76,7.813,7.696,7.693,7.68,7.686,7.584,7.563,7.576,7.596,7.577
0.620833333,7.624,7.618,7.691,7.793,8.002,8.117,7.567,7.55,7.547,7.573,7.568,7.67,7.676,7.829,7.83,7.59,7.565,7.76,7.813,7.696,7.692,7.679,7.685,7.584,7.563,7.576,7.596,7.577
0.622222222,7.623,7.617,7.69,7.793,8.001,8.117,7.567,7.549,7.546,7.572,7.567,7.67,7.675,7.828,7.83,7.59,7.565,7.76,7.813,7.695,7.692,7.68,7.685,7.584,7.563,7.576,7.596,7.577
0.623611111,7.623,7.617,7.69,7.793,8.001,8.117,7.567,7.548,7.546,7.571,7.567,7.67,7.674,7.827,7.83,7.589,7.565,7.76,7.813,7.695,7.691,7.679,7.685,7.584,7.562,7.575,7.596,7.577
0.625,7.623,7.616,7.69,7.793,8.001,8.117,7.567,7.548,7.546,7.571,7.566,7.67,7.674,7.827,7.829,7.589,7.564,7.76,7.812,7.695,7.691,7.679,7.685,7.583,7.562,7.575,7.595,7.576
0.626388889,7.623,7.616,7.69,7.792,8.001,8.117,7.566,7.548,7.546,7.571,7.566,7.669,7.674,7.827,7.829,7.589,7.563,7.76,7.812,7.694,7.691,7.678,7.684,7.583,7.563,7.575,7.595,7.576
0.627777778,7.623,7.616,7.69,7.792,8.001,8.117,7.565,7.547,7.545,7.571,7.566,7.669,7.674,7.826,7.829,7.588,7.563,7.759,7.811,7.693,7.691,7.678,7.683,7.583,7.562,7.574,7.595,7.576
0.629166667,7.623,7.616,7.689,7.792,8.001,8.117,7.565,7.548,7.545,7.571,7.565,7.669,7.673,7.826,7.828,7.588,7.563,7.758,7.811,7.693,7.69,7.677,7.683,7.582,7.562,7.574,7.595,7.576
0.630555556,7.623,7.616,7.688,7.792,8,8.117,7.565,7.548,7.545,7.57,7.565,7.669,7.673,7.826,7.828,7.588,7.563,7.758,7.811,7.693,7.69,7.677,7.683,7.582,7.562,7.574,7.595,7.576
0.631944444,7.622,7.616,7.688,7.791,7.999,8.116,7.565,7.547,7.545,7.57,7.565,7.668,7.673,7.826,7.828,7.588,7.563,7.758,7.811,7.693,7.689,7.677,7.682,7.582,7.562,7.574,7.595,7.575
0.633333333,7.621,7.615,7.688,7.79,7.999,8.115,7.565,7.546,7.545,7.57,7.565,7.667,7.673,7.825,7.828,7.588,7.563,7.758,7.811,7.693,7.689,7.676,7.682,7.582,7.562,7.574,7.595,7.575
0.634722222,7.621,7.615,7.688,7.79,7.999,8.115,7.565,7.546,7.544,7.57,7.565,7.667,7.673,7.824,7.828,7.587,7.562,7.758,7.81,7.693,7.689,7.676,7.682,7.582,7.561,7.574,7.594,7.575
0.636111111,7.621,7.615,7.687,7.79,7.999,8.115,7.564,7.546,7.544,7.57,7.564,7.667,7.672,7.825,7.828,7.587,7.561,7.757,7.811,7.693,7.69,7.676,7.682,7.582,7.561,7.573,7.593,7.575
0.6375,7.621,7.614,7.686,7.789,7.999,8.115,7.564,7.546,7.543,7.569,7.563,7.667,7.671,7.825,7.827,7.587,7.561,7.757,7.81,7.692,7.689,7.676,7.682,7.581,7.56,7.572,7.593,7.575
0.638888889,7.621,7.613,7.686,7.788,7.998,8.115,7.564,7.546,7.543,7.568,7.563,7.667,7.671,7.824,7.828,7.587,7.561,7.757,7.81,7.692,7.689,7.676,7.682,7.581,7.56,7.573,7.593,7.575
0.640277778,7.621,7.613,7.686,7.788,7.998,8.115,7.564,7.545,7.543,7.568,7.563,7.666,7.671,7.824,7.827,7.587,7.561,7.756,7.809,7.691,7.688,7.676,7.681,7.581,7.561,7.572,7.593,7.574
0.641666667,7.62,7.613,7.686,7.788,7.998,8.115,7.563,7.545,7.543,7.568,7.563,7.665,7.671,7.824,7.827,7.586,7.561,7.756,7.809,7.691,7.688,7.676,7.681,7.581,7.561,7.572,7.593,7.574
0.643055556,7.619,7.613,7.685,7.787,7.997,8.115,7.563,7.545,7.543,7.568,7.563,7.665,7.671,7.824,7.826,7.586,7.561,7.756,7.809,7.691,7.687,7.675,7.68,7.581,7.56,7.572,7.593,7.574
0.644444444,7.619,7.613,7.685,7.787,7.997,8.115,7.563,7.545,7.543,7.568,7.563,7.665,7.67,7.824,7.826,7.587,7.56,7.756,7.808,7.69,7.687,7.675,7.68,7.581,7.56,7.572,7.593,7.574
0.645833333,7.619,7.613,7.685,7.787,7.997,8.115,7.563,7.544,7.543,7.568,7.562,7.665,7.669,7.823,7.826,7.586,7.56,7.755,7.808,7.69,7.687,7.675,7.68,7.581,7.56,7.571,7.592,7.574
0.647222222,7.619,7.612,7.685,7.786,7.996,8.114,7.563,7.543,7.542,7.567,7.562,7.664,7.669,7.822,7.826,7.585,7.56,7.754,7.808,7.69,7.687,7.674,7.68,7.581,7.56,7.571,7.592,7.574
0.648611111,7.619,7.611,7.685,7.785,7.996,8.114,7.562,7.544,7.541,7.566,7.562,7.664,7.669,7.822,7.825,7.585,7.56,7.754,7.808,7.689,7.686,7.674,7.68,7.579,7.56,7.571,7.592,7.574
0.65,7.619,7.611,7.684,7.785,7.996,8.114,7.562,7.544,7.541,7.566,7.562,7.664,7.669,7.822,7.825,7.584,7.56,7.754,7.808,7.689,7.686,7.674,7.679,7.579,7.559,7.572,7.591,7.573
0.651388889,7.618,7.611,7.684,7.785,7.996,8.113,7.562,7.543,7.541,7.566,7.562,7.663,7.669,7.822,7.825,7.584,7.559,7.754,7.807,7.689,7.686,7.674,7.679,7.579,7.559,7.571,7.591,7.572
0.652777778,7.617,7.611,7.684,7.784,7.996,8.113,7.562,7.543,7.54,7.566,7.561,7.662,7.668,7.821,7.824,7.584,7.559,7.754,7.806,7.689,7.686,7.674,7.678,7.579,7.559,7.57,7.591,7.573
0.654166667,7.617,7.611,7.683,7.784,7.995,8.113,7.562,7.543,7.54,7.566,7.56,7.662,7.668,7.821,7.824,7.584,7.558,7.753,7.806,7.688,7.686,7.674,7.678,7.579,7.559,7.57,7.591,7.572
0.655555556,7.617,7.61,7.683,7.784,7.994,8.113,7.562,7.543,7.54,7.565,7.56,7.662,7.668,7.821,7.824,7.584,7.558,7.753,7.806,7.688,7.685,7.673,7.678,7.579,7.559,7.57,7.591,7.572
0.656944444,7.617,7.609,7.682,7.783,7.994,8.113,7.561,7.543,7.539,7.565,7.56,7.662,7.668,7.821,7.824,7.584,7.558,7.753,7.806,7.688,7.685,7.672,7.678,7.579,7.558,7.57,7.591,7.572
0.658333333,7.617,7.609,7.681,7.782,7.994,8.113,7.56,7.542,7.539,7.565,7.56,7.662,7.667,7.821,7.823,7.584,7.558,7.753,7.806,7.688,7.685,7.672,7.677,7.579,7.558,7.57,7.59,7.572
0.659722222,7.617,7.609,7.681,7.782,7.994,8.113,7.56,7.541,7.539,7.565,7.559,7.661,7.667,7.821,7.823,7.583,7.558,7.753,7.805,7.688,7.684,7.672,7.677,7.579,7.559,7.57,7.589,7.572
0.661111111,7.616,7.609,7.681,7.782,7.994,8.113,7.56,7.541,7.539,7.565,7.558,7.66,7.667,7.82,7.822,7.582,7.558,7.753,7.805,7.688,7.685,7.672,7.677,7.578,7.558,7.57,7.59,7.572
0.6625,7.616,7.609,7.681,7.782,7.994,8.113,7.56,7.54,7.539,7.564,7.558,7.661,7.666,7.819,7.822,7.582,7.558,7.752,7.804,7.687,7.684,7.672,7.677,7.577,7.558,7.569,7.59,7.572
0.663888889,7.616,7.609,7.681,7.781,7.993,8.113,7.559,7.54,7.539,7.564,7.558,7.66,7.666,7.819,7.822,7.582,7.556,7.752,7.804,7.686,7.683,7.671,7.676,7.577,7.558,7.569,7.589,7.571
0.665277778,7.616,7.609,7.68,7.78,7.993,8.112,7.559,7.54,7.538,7.563,7.558,7.66,7.666,7.819,7.822,7.582,7.556,7.751,7.804,7.686,7.683,7.671,7.675,7.577,7.558,7.569,7.589,7.571
0.666666667,7.615,7.608,7.68,7.78,7.992,8.112,7.559,7.54,7.538,7.563,7.558,7.66,7.665,7.819,7.822,7.581,7.556,7.751,7.804,7.686,7.683,7.671,7.675,7.577,7.558,7.569,7.589,7.571
0.668055556,7.615,7.608,7.68,7.78,7.992,8.112,7.558,7.54,7.538,7.563,7.557,7.659,7.665,7.819,7.821,7.581,7.556,7.751,7.804,7.686,7.683,7.671,7.675,7.577,7.557,7.569,7.589,7.571
0.669444444,7.615,7.608,7.68,7.78,7.992,8.112,7.558,7.539,7.538,7.563,7.557,7.659,7.665,7.819,7.821,7.582,7.556,7.751,7.804,7.685,7.682,7.671,7.675,7.577,7.557,7.569,7.589,7.57
0.670833333,7.614,7.608,7.68,7.779,7.992,8.112,7.558,7.539,7.538,7.563,7.557,7.659,7.664,7.818,7.82,7.581,7.555,7.751,7.803,7.685,7.682,7.671,7.675,7.577,7.557,7.568,7.589,7.57
0.672222222,7.614,7.607,7.679,7.778,7.992,8.112,7.558,7.538,7.538,7.563,7.557,7.658,7.664,7.817,7.82,7.581,7.555,7.751,7.803,7.685,7.681,7.67,7.675,7.577,7.557,7.568,7.589,7.57
0.673611111,7.614,7.607,7.679,7.778,7.991,8.112,7.557,7.538,7.537,7.562,7.557,7.657,7.664,7.817,7.82,7.58,7.555,7.75,7.802,7.685,7.681,7.669,7.674,7.576,7.557,7.568,7.589,7.57
0.675,7.614,7.606,7.679,7.778,7.991,8.111,7.557,7.538,7.536,7.561,7.556,7.657,7.663,7.817,7.82,7.58,7.555,7.749,7.802,7.684,7.681,7.669,7.673,7.575,7.556,7.567,7.588,7.57
0.676388889,7.614,7.606,7.678,7.778,7.991,8.111,7.557,7.538,7.536,7.561,7.555,7.657,7.664,7.817,7.82,7.58,7.554,7.749,7.802,7.684,7.681,7.669,7.673,7.576,7.555,7.567,7.588,7.57
0.677777778,7.614,7.606,7.678,7.777,7.991,8.111,7.557,7.538,7.536,7.561,7.555,7.657,7.663,7.817,7.82,7.58,7.554,7.749,7.802,7.684,7.681,7.669,7.673,7.575,7.555,7.567,7.588,7.569
0.679166667,7.613,7.606,7.678,7.776,7.991,8.111,7.557,7.538,7.536,7.561,7.555,7.657,7.662,7.817,7.819,7.579,7.554,7.749,7.802,7.684,7.681,7.668,7.673,7.575,7.556,7.567,7.588,7.568
0.680555556,7.612,7.606,7.678,7.776,7.991,8.111,7.557,7.538,7.536,7.561,7.555,7.657,7.662,7.816,7.819,7.578,7.554,7.749,7.802,7.684,7.681,7.668,7.673,7.575,7.555,7.567,7.588,7.568
0.681944444,7.612,7.605,7.677,7.776,7.991,8.111,7.556,7.537,7.536,7.561,7.554,7.656,7.662,7.815,7.819,7.578,7.553,7.749,7.801,7.683,7.681,7.668,7.672,7.575,7.555,7.567,7.588,7.568
0.683333333,7.612,7.604,7.676,7.775,7.99,8.11,7.556,7.536,7.535,7.561,7.554,7.656,7.662,7.815,7.818,7.578,7.553,7.748,7.801,7.683,7.68,7.667,7.672,7.574,7.555,7.567,7.587,7.568
0.684722222,7.612,7.604,7.676,7.775,7.99,8.11,7.555,7.536,7.534,7.56,7.554,7.656,7.662,7.815,7.818,7.578,7.553,7.748,7.801,7.682,7.679,7.667,7.673,7.574,7.555,7.567,7.587,7.568
0.686111111,7.612,7.604,7.676,7.775,7.989,8.11,7.555,7.536,7.534,7.559,7.554,7.655,7.661,7.815,7.818,7.578,7.553,7.748,7.801,7.682,7.679,7.667,7.672,7.574,7.555,7.566,7.587,7.568
0.6875,7.612,7.604,7.676,7.775,7.989,8.11,7.555,7.536,7.534,7.559,7.553,7.655,7.661,7.815,7.817,7.578,7.553,7.748,7.801,7.682,7.679,7.667,7.671,7.574,7.555,7.565,7.586,7.568
0.688888889,7.611,7.604,7.676,7.775,7.989,8.11,7.555,7.536,7.534,7.559,7.553,7.655,7.661,7.814,7.817,7.578,7.553,7.747,7.801,7.682,7.679,7.667,7.671,7.574,7.555,7.565,7.586,7.568
0.690277778,7.611,7.603,7.675,7.774,7.989,8.11,7.555,7.536,7.533,7.559,7.553,7.654,7.661,7.814,7.817,7.578,7.553,7.747,7.8,7.681,7.678,7.667,7.671,7.574,7.555,7.565,7.586,7.567
0.691666667,7.611,7.603,7.675,7.773,7.988,8.11,7.554,7.535,7.533,7.559,7.553,7.653,7.66,7.814,7.816,7.577,7.552,7.746,7.8,7.681,7.678,7.667,7.67,7.574,7.554,7.565,7.587,7.567
0.693055556,7.611,7.603,7.675,7.773,7.988,8.109,7.554,7.534,7.533,7.558,7.552,7.653,7.659,7.814,7.816,7.577,7.551,7.746,7.799,7.681,7.678,7.667,7.67,7.573,7.554,7.565,7.586,7.567
0.694444444,7.611,7.603,7.675,7.772,7.987,8.109,7.554,7.534,7.532,7.558,7.552,7.653,7.659,7.814,7.816,7.577,7.551,7.746,7.799,7.68,7.678,7.666,7.67,7.573,7.554,7.565,7.586,7.567
0.695833333,7.61,7.603,7.674,7.771,7.987,8.11,7.553,7.534,7.532,7.558,7.552,7.653,7.659,7.814,7.816,7.577,7.551,7.746,7.799,7.68,7.678,7.665,7.67,7.573,7.553,7.565,7.586,7.567
0.697222222,7.61,7.603,7.674,7.771,7.987,8.11,7.553,7.534,7.532,7.558,7.552,7.653,7.659,7.813,7.816,7.577,7.551,7.746,7.799,7.68,7.677,7.665,7.67,7.572,7.553,7.565,7.585,7.567
0.698611111,7.609,7.603,7.673,7.771,7.987,8.109,7.553,7.534,7.532,7.557,7.551,7.653,7.659,7.812,7.815,7.577,7.551,7.746,7.799,7.679,7.677,7.665,7.669,7.572,7.553,7.564,7.585,7.567
0.7,7.609,7.602,7.673,7.771,7.986,8.109,7.553,7.533,7.531,7.556,7.551,7.652,7.659,7.812,7.815,7.576,7.551,7.746,7.798,7.679,7.677,7.665,7.668,7.572,7.553,7.564,7.585,7.567
0.701388889,7.609,7.601,7.673,7.77,7.986,8.108,7.553,7.533,7.531,7.556,7.551,7.652,7.659,7.812,7.815,7.575,7.55,7.745,7.797,7.679,7.676,7.665,7.668,7.572,7.553,7.564,7.584,7.566
0.702777778,7.609,7.601,7.673,7.77,7.986,8.108,7.553,7.533,7.531,7.556,7.551,7.652,7.658,7.812,7.815,7.575,7.55,7.744,7.797,7.679,7.676,7.664,7.668,7.572,7.553,7.564,7.584,7.565
0.704166667,7.609,7.601,7.672,7.77,7.986,8.108,7.552,7.533,7.531,7.556,7.55,7.651,7.657,7.812,7.815,7.575,7.549,7.744,7.797,7.679,7.676,7.664,7.668,7.572,7.553,7.564,7.584,7.565
0.705555556,7.608,7.601,7.672,7.77,7.986,8.108,7.551,7.533,7.531,7.556,7.55,7.651,7.657,7.811,7.815,7.575,7.549,7.744,7.797,7.678,7.676,7.664,7.667,7.572,7.553,7.564,7.584,7.565
0.706944444,7.608,7.601,7.672,7.77,7.985,8.108,7.551,7.533,7.531,7.556,7.55,7.651,7.657,7.81,7.814,7.575,7.549,7.744,7.796,7.677,7.676,7.664,7.667,7.571,7.553,7.564,7.584,7.566
0.708333333,7.608,7.601,7.671,7.769,7.984,8.108,7.551,7.533,7.531,7.555,7.55,7.65,7.656,7.81,7.814,7.575,7.549,7.743,7.796,7.677,7.675,7.664,7.667,7.57,7.552,7.564,7.584,7.566
0.709722222,7.607,7.6,7.671,7.768,7.984,8.108,7.551,7.532,7.53,7.554,7.55,7.65,7.656,7.811,7.814,7.575,7.549,7.742,7.796,7.677,7.675,7.664,7.666,7.57,7.552,7.563,7.584,7.565
0.711111111,7.607,7.599,7.671,7.768,7.984,8.108,7.551,7.531,7.529,7.554,7.549,7.65,7.656,7.811,7.814,7.575,7.549,7.742,7.796,7.677,7.675,7.664,7.666,7.57,7.552,7.563,7.584,7.565
0.7125,7.607,7.599,7.67,7.768,7.984,8.108,7.551,7.531,7.529,7.554,7.548,7.65,7.655,7.81,7.814,7.574,7.549,7.742,7.796,7.677,7.674,7.663,7.666,7.57,7.552,7.563,7.584,7.565
0.713888889,7.607,7.599,7.67,7.767,7.984,8.108,7.55,7.531,7.529,7.554,7.548,7.649,7.655,7.809,7.813,7.574,7.549,7.742,7.796,7.677,7.674,7.663,7.666,7.57,7.552,7.562,7.583,7.565
0.715277778,7.607,7.599,7.669,7.766,7.984,8.108,7.55,7.531,7.529,7.554,7.548,7.649,7.655,7.81,7.812,7.574,7.549,7.742,7.796,7.677,7.674,7.662,7.666,7.569,7.552,7.562,7.583,7.565
0.716666667,7.606,7.599,7.669,7.766,7.984,8.107,7.55,7.531,7.529,7.554,7.548,7.648,7.655,7.81,7.812,7.573,7.548,7.742,7.796,7.676,7.673,7.663,7.666,7.569,7.552,7.562,7.583,7.565
0.718055556,7.606,7.598,7.669,7.766,7.983,8.106,7.55,7.531,7.528,7.554,7.548,7.648,7.655,7.809,7.812,7.573,7.548,7.742,7.796,7.676,7.673,7.663,7.665,7.569,7.552,7.562,7.583,7.564
0.719444444,7.606,7.598,7.669,7.766,7.982,8.106,7.549,7.53,7.528,7.554,7.548,7.648,7.655,7.809,7.812,7.573,7.548,7.742,7.795,7.676,7.673,7.662,7.665,7.569,7.552,7.562,7.583,7.564
0.720833333,7.606,7.598,7.668,7.765,7.982,8.106,7.548,7.53,7.528,7.553,7.547,7.648,7.654,7.809,7.812,7.573,7.548,7.742,7.794,7.675,7.673,7.662,7.665,7.569,7.552,7.562,7.583,7.564
0.722222222,7.606,7.598,7.668,7.765,7.982,8.106,7.549,7.53,7.527,7.553,7.547,7.648,7.654,7.808,7.811,7.572,7.548,7.741,7.794,7.674,7.673,7.662,7.665,7.569,7.551,7.562,7.583,7.564
0.723611111,7.606,7.598,7.668,7.765,7.982,8.106,7.548,7.529,7.527,7.553,7.546,7.647,7.654,7.808,7.811,7.572,7.548,7.741,7.794,7.674,7.673,7.662,7.664,7.569,7.55,7.562,7.582,7.564
0.725,7.605,7.598,7.668,7.765,7.982,8.105,7.548,7.529,7.527,7.553,7.546,7.646,7.654,7.808,7.811,7.572,7.547,7.741,7.794,7.674,7.672,7.661,7.664,7.569,7.551,7.562,7.581,7.563
0.726388889,7.605,7.597,7.668,7.764,7.982,8.106,7.548,7.529,7.527,7.552,7.546,7.646,7.654,7.807,7.81,7.572,7.547,7.74,7.794,7.674,7.671,7.66,7.663,7.569,7.55,7.561,7.581,7.563
0.727777778,7.604,7.596,7.668,7.763,7.981,8.106,7.548,7.529,7.527,7.552,7.546,7.646,7.653,7.807,7.811,7.572,7.546,7.74,7.793,7.674,7.672,7.66,7.663,7.568,7.55,7.56,7.581,7.563
0.729166667,7.604,7.596,7.667,7.763,7.981,8.106,7.548,7.529,7.527,7.551,7.546,7.646,7.652,7.808,7.811,7.572,7.546,7.74,7.792,7.673,7.672,7.66,7.663,7.567,7.55,7.56,7.581,7.563
0.730555556,7.604,7.596,7.666,7.763,7.981,8.106,7.547,7.528,7.526,7.551,7.546,7.646,7.652,7.807,7.811,7.572,7.546,7.739,7.792,7.674,7.671,7.66,7.663,7.567,7.55,7.56,7.581,7.562
0.731944444,7.604,7.596,7.666,7.763,7.981,8.106,7.547,7.528,7.526,7.551,7.545,7.645,7.652,7.807,7.81,7.571,7.546,7.739,7.792,7.674,7.671,7.66,7.663,7.567,7.55,7.56,7.581,7.562
0.733333333,7.604,7.596,7.666,7.762,7.981,8.105,7.546,7.527,7.526,7.551,7.545,7.645,7.652,7.807,7.81,7.571,7.546,7.739,7.792,7.674,7.671,7.66,7.662,7.567,7.55,7.56,7.581,7.562
0.734722222,7.604,7.596,7.666,7.761,7.979,8.105,7.546,7.527,7.526,7.551,7.544,7.645,7.652,7.807,7.809,7.571,7.545,7.739,7.792,7.673,7.67,7.66,7.661,7.567,7.55,7.56,7.581,7.562
0.736111111,7.604,7.595,7.666,7.761,7.979,8.105,7.546,7.527,7.525,7.551,7.544,7.645,7.651,7.806,7.809,7.571,7.545,7.739,7.791,7.672,7.67,7.659,7.662,7.567,7.55,7.56,7.581,7.562
0.7375,7.603,7.594,7.666,7.761,7.979,8.105,7.546,7.527,7.524,7.55,7.544,7.645,7.65,7.805,7.809,7.57,7.545,7.739,7.791,7.672,7.67,7.659,7.662,7.567,7.549,7.56,7.581,7.562
0.738888889,7.602,7.594,7.666,7.76,7.979,8.105,7.546,7.527,7.524,7.549,7.544,7.645,7.65,7.805,7.809,7.57,7.544,7.738,7.791,7.672,7.67,7.659,7.661,7.567,7.549,7.559,7.581,7.562
0.740277778,7.602,7.594,7.665,7.76,7.979,8.105,7.546,7.527,7.524,7.549,7.543,7.645,7.65,7.805,7.809,7.57,7.544,7.738,7.79,7.672,7.669,7.658,7.661,7.567,7.549,7.559,7.58,7.562
0.741666667,7.602,7.594,7.664,7.76,7.979,8.104,7.546,7.527,7.524,7.549,7.543,7.644,7.65,7.805,7.809,7.57,7.544,7.738,7.79,7.671,7.669,7.658,7.661,7.566,7.549,7.559,7.579,7.561
0.743055556,7.602,7.594,7.664,7.759,7.979,8.103,7.545,7.526,7.524,7.549,7.543,7.643,7.65,7.805,7.808,7.57,7.544,7.737,7.79,7.671,7.669,7.658,7.661,7.566,7.548,7.559,7.579,7.56
0.744444444,7.602,7.594,7.664,7.759,7.979,8.103,7.545,7.526,7.524,7.549,7.543,7.643,7.65,7.805,7.808,7.57,7.544,7.737,7.79,7.671,7.668,7.658,7.66,7.566,7.548,7.558,7.579,7.561
0.745833333,7.602,7.594,7.664,7.759,7.978,8.104,7.545,7.526,7.524,7.549,7.543,7.643,7.65,7.805,7.808,7.569,7.544,7.737,7.79,7.671,7.668,7.658,7.66,7.565,7.548,7.559,7.579,7.561
0.747222222,7.601,7.593,7.663,7.758,7.977,8.104,7.545,7.526,7.524,7.549,7.543,7.643,7.649,7.804,7.807,7.569,7.543,7.736,7.789,7.67,7.668,7.658,7.66,7.565,7.548,7.558,7.579,7.56
0.748611111,7.601,7.593,7.663,7.758,7.977,8.103,7.545,7.525,7.523,7.548,7.543,7.642,7.649,7.803,7.806,7.569,7.543,7.736,7.789,7.669,7.667,7.658,7.66,7.565,7.548,7.558,7.579,7.56
0.75,7.6,7.593,7.663,7.757,7.977,8.103,7.544,7.524,7.523,7.548,7.541,7.641,7.649,7.803,7.806,7.568,7.542,7.736,7.789,7.669,7.667,7.657,7.658,7.565,7.548,7.558,7.579,7.56
0.751388889,7.6,7.593,7.663,7.757,7.977,8.103,7.543,7.525,7.523,7.547,7.541,7.641,7.649,7.803,7.807,7.568,7.542,7.736,7.789,7.67,7.667,7.657,7.659,7.565,7.548,7.557,7.579,7.561
0.752777778,7.6,7.593,7.663,7.756,7.977,8.103,7.543,7.525,7.523,7.547,7.541,7.641,7.649,7.803,7.806,7.568,7.542,7.736,7.789,7.67,7.667,7.657,7.66,7.564,7.548,7.558,7.578,7.561
0.754166667,7.6,7.593,7.662,7.756,7.977,8.103,7.543,7.524,7.522,7.547,7.541,7.641,7.649,7.803,7.805,7.568,7.542,7.735,7.789,7.669,7.667,7.657,7.66,7.564,7.548,7.558,7.578,7.56
0.755555556,7.6,7.592,7.661,7.756,7.976,8.103,7.543,7.524,7.522,7.547,7.541,7.64,7.648,7.803,7.806,7.568,7.541,7.734,7.789,7.669,7.667,7.657,7.659,7.564,7.547,7.557,7.578,7.56
0.756944444,7.599,7.591,7.661,7.756,7.975,8.103,7.543,7.524,7.522,7.547,7.541,7.64,7.648,7.803,7.806,7.568,7.541,7.735,7.788,7.669,7.666,7.656,7.658,7.564,7.547,7.557,7.577,7.559
0.758333333,7.599,7.591,7.661,7.755,7.975,8.103,7.543,7.524,7.522,7.546,7.541,7.64,7.648,7.802,7.805,7.567,7.541,7.735,7.787,7.668,7.666,7.655,7.658,7.564,7.547,7.557,7.577,7.559
0.759722222,7.599,7.591,7.661,7.755,7.975,8.103,7.543,7.523,7.522,7.546,7.54,7.64,7.647,7.802,7.805,7.566,7.541,7.734,7.787,7.668,7.666,7.655,7.658,7.564,7.547,7.557,7.577,7.559
0.761111111,7.599,7.591,7.661,7.755,7.975,8.102,7.543,7.522,7.521,7.546,7.54,7.639,7.647,7.802,7.805,7.566,7.541,7.734,7.787,7.668,7.665,7.655,7.658,7.564,7.547,7.557,7.577,7.559
0.7625,7.599,7.591,7.66,7.754,7.975,8.102,7.542,7.522,7.52,7.547,7.54,7.639,7.647,7.802,7.805,7.567,7.541,7.734,7.787,7.668,7.666,7.655,7.658,7.564,7.546,7.557,7.577,7.559
0.763888889,7.599,7.591,7.659,7.754,7.975,8.101,7.541,7.522,7.52,7.547,7.539,7.639,7.647,7.802,7.805,7.566,7.541,7.734,7.787,7.667,7.665,7.655,7.657,7.563,7.546,7.557,7.577,7.559
0.765277778,7.598,7.59,7.659,7.754,7.974,8.101,7.541,7.522,7.52,7.547,7.539,7.638,7.647,7.801,7.804,7.566,7.541,7.734,7.786,7.667,7.665,7.655,7.656,7.563,7.546,7.557,7.577,7.558
0.766666667,7.598,7.589,7.659,7.753,7.974,8.101,7.541,7.523,7.52,7.547,7.539,7.638,7.646,7.8,7.804,7.566,7.541,7.734,7.786,7.667,7.665,7.655,7.656,7.563,7.546,7.557,7.577,7.558
0.768055556,7.598,7.589,7.659,7.753,7.974,8.101,7.541,7.522,7.52,7.547,7.538,7.638,7.645,7.801,7.804,7.566,7.54,7.733,7.785,7.667,7.664,7.654,7.656,7.563,7.546,7.555,7.577,7.558
0.769444444,7.598,7.589,7.659,7.753,7.974,8.101,7.541,7.521,7.519,7.547,7.538,7.638,7.645,7.801,7.804,7.566,7.539,7.733,7.785,7.666,7.664,7.654,7.656,7.562,7.545,7.555,7.577,7.558
0.770833333,7.597,7.589,7.659,7.752,7.973,8.101,7.541,7.521,7.519,7.546,7.538,7.637,7.645,7.8,7.803,7.565,7.539,7.733,7.785,7.665,7.664,7.653,7.656,7.562,7.545,7.555,7.577,7.558
0.772222222,7.597,7.589,7.658,7.752,7.973,8.101,7.541,7.521,7.519,7.546,7.538,7.637,7.645,7.799,7.803,7.565,7.539,7.732,7.785,7.665,7.664,7.653,7.655,7.562,7.545,7.555,7.577,7.558
0.773611111,7.597,7.589,7.658,7.752,7.972,8.1,7.54,7.521,7.519,7.546,7.538,7.637,7.645,7.799,7.803,7.565,7.539,7.732,7.785,7.665,7.664,7.653,7.655,7.562,7.545,7.555,7.577,7.558
0.775,7.597,7.589,7.658,7.751,7.972,8.099,7.54,7.521,7.519,7.546,7.538,7.636,7.645,7.799,7.802,7.565,7.539,7.732,7.785,7.665,7.663,7.653,7.655,7.561,7.545,7.555,7.576,7.558
0.776388889,7.597,7.588,7.658,7.751,7.972,8.099,7.54,7.52,7.519,7.546,7.538,7.636,7.645,7.798,7.802,7.565,7.539,7.731,7.784,7.665,7.662,7.653,7.654,7.561,7.545,7.555,7.577,7.557
0.777777778,7.596,7.588,7.658,7.75,7.972,8.099,7.54,7.52,7.518,7.546,7.538,7.636,7.645,7.798,7.802,7.565,7.538,7.731,7.784,7.665,7.662,7.653,7.654,7.561,7.545,7.555,7.576,7.556
0.779166667,7.595,7.587,7.658,7.75,7.972,8.099,7.539,7.521,7.518,7.546,7.537,7.636,7.644,7.798,7.802,7.565,7.538,7.732,7.784,7.665,7.662,7.652,7.654,7.56,7.545,7.554,7.576,7.556
0.780555556,7.595,7.587,7.658,7.75,7.972,8.099,7.539,7.521,7.518,7.545,7.537,7.636,7.643,7.798,7.802,7.564,7.538,7.731,7.784,7.665,7.662,7.652,7.654,7.56,7.545,7.554,7.576,7.556
0.781944444,7.595,7.587,7.657,7.749,7.971,8.1,7.539,7.52,7.518,7.544,7.537,7.635,7.643,7.798,7.802,7.564,7.537,7.731,7.784,7.664,7.662,7.652,7.654,7.56,7.545,7.554,7.576,7.557
0.783333333,7.595,7.587,7.656,7.749,7.97,8.1,7.539,7.519,7.518,7.544,7.537,7.634,7.643,7.798,7.802,7.564,7.537,7.731,7.784,7.664,7.662,7.651,7.653,7.56,7.545,7.553,7.575,7.557
0.784722222,7.595,7.587,7.656,7.749,7.97,8.1,7.539,7.519,7.517,7.544,7.537,7.634,7.643,7.797,7.801,7.563,7.537,7.731,7.783,7.664,7.661,7.652,7.653,7.56,7.545,7.553,7.575,7.556
0.786111111,7.595,7.586,7.656,7.748,7.97,8.099,7.539,7.519,7.517,7.544,7.537,7.634,7.643,7.797,7.801,7.563,7.537,7.73,7.783,7.664,7.661,7.652,7.653,7.56,7.544,7.553,7.575,7.556
0.7875,7.595,7.586,7.656,7.747,7.97,8.099,7.539,7.519,7.517,7.544,7.536,7.634,7.643,7.797,7.801,7.563,7.537,7.73,7.782,7.663,7.661,7.652,7.653,7.56,7.543,7.553,7.575,7.556
0.788888889,7.595,7.586,7.656,7.747,7.97,8.099,7.538,7.519,7.517,7.544,7.535,7.634,7.642,7.797,7.8,7.563,7.537,7.73,7.782,7.663,7.661,7.651,7.653,7.56,7.543,7.553,7.574,7.556
0.790277778,7.594,7.586,7.655,7.747,7.97,8.099,7.538,7.518,7.517,7.544,7.535,7.634,7.642,7.797,7.8,7.563,7.536,7.73,7.782,7.663,7.661,7.651,7.653,7.56,7.543,7.553,7.574,7.556
0.791666667,7.594,7.586,7.654,7.747,7.969,8.098,7.538,7.518,7.517,7.543,7.535,7.633,7.642,7.796,7.8,7.563,7.536,7.729,7.782,7.663,7.661,7.65,7.652,7.56,7.543,7.553,7.574,7.556
0.793055556,7.594,7.586,7.654,7.746,7.969,8.099,7.538,7.519,7.516,7.542,7.535,7.633,7.642,7.796,7.8,7.562,7.536,7.729,7.782,7.662,7.66,7.65,7.651,7.559,7.543,7.553,7.574,7.556
0.794444444,7.594,7.586,7.654,7.746,7.969,8.098,7.538,7.518,7.515,7.542,7.534,7.633,7.641,7.796,7.8,7.561,7.536,7.729,7.782,7.662,7.66,7.65,7.651,7.558,7.543,7.553,7.574,7.555
0.795833333,7.593,7.586,7.654,7.746,7.969,8.098,7.538,7.517,7.515,7.542,7.534,7.633,7.641,7.796,7.8,7.561,7.536,7.729,7.782,7.662,7.66,7.65,7.651,7.558,7.543,7.553,7.573,7.555
0.797222222,7.593,7.586,7.654,7.746,7.969,8.098,7.538,7.517,7.515,7.542,7.534,7.632,7.641,7.796,7.799,7.561,7.536,7.728,7.781,7.662,7.66,7.65,7.651,7.558,7.543,7.553,7.572,7.554
0.798611111,7.593,7.585,7.653,7.745,7.969,8.098,7.537,7.517,7.515,7.542,7.534,7.631,7.641,7.795,7.798,7.561,7.536,7.728,7.781,7.662,7.66,7.65,7.651,7.558,7.543,7.553,7.573,7.554
0.8,7.592,7.584,7.653,7.745,7.968,8.097,7.536,7.517,7.515,7.542,7.534,7.631,7.641,7.795,7.798,7.561,7.536,7.728,7.78,7.662,7.659,7.649,7.651,7.558,7.543,7.553,7.574,7.555
0.801388889,7.592,7.584,7.652,7.746,7.967,8.098,7.536,7.517,7.515,7.542,7.534,7.631,7.64,7.795,7.798,7.561,7.535,7.728,7.78,7.662,7.659,7.648,7.651,7.558,7.543,7.552,7.573,7.555
0.802777778,7.592,7.584,7.652,7.745,7.967,8.098,7.536,7.517,7.515,7.542,7.533,7.631,7.64,7.795,7.798,7.561,7.535,7.728,7.78,7.661,7.659,7.648,7.65,7.558,7.543,7.552,7.573,7.555
0.804166667,7.592,7.584,7.652,7.744,7.967,8.097,7.536,7.516,7.515,7.541,7.532,7.631,7.64,7.795,7.798,7.561,7.535,7.727,7.78,7.66,7.659,7.648,7.65,7.558,7.542,7.552,7.573,7.554
0.805555556,7.592,7.583,7.652,7.744,7.967,8.096,7.536,7.516,7.514,7.541,7.532,7.631,7.64,7.795,7.797,7.561,7.534,7.727,7.78,7.66,7.658,7.648,7.649,7.557,7.542,7.552,7.572,7.553
0.806944444,7.592,7.583,7.651,7.743,7.967,8.096,7.536,7.516,7.514,7.541,7.532,7.63,7.639,7.794,7.798,7.56,7.534,7.727,7.779,7.66,7.658,7.648,7.649,7.557,7.542,7.552,7.572,7.553
0.808333333,7.591,7.583,7.651,7.743,7.967,8.096,7.535,7.516,7.514,7.541,7.532,7.629,7.638,7.793,7.798,7.56,7.534,7.727,7.778,7.66,7.658,7.647,7.649,7.557,7.541,7.552,7.572,7.553
0.809722222,7.591,7.582,7.651,7.743,7.966,8.096,7.534,7.516,7.513,7.541,7.532,7.629,7.638,7.793,7.798,7.561,7.534,7.727,7.779,7.66,7.657,7.648,7.649,7.557,7.541,7.551,7.572,7.554
0.811111111,7.591,7.582,7.651,7.742,7.965,8.096,7.534,7.516,7.513,7.541,7.532,7.63,7.638,7.793,7.797,7.56,7.534,7.727,7.779,7.66,7.657,7.648,7.649,7.557,7.541,7.551,7.572,7.553
0.8125,7.591,7.582,7.651,7.742,7.965,8.096,7.534,7.515,7.513,7.54,7.532,7.63,7.638,7.793,7.797,7.56,7.534,7.727,7.779,7.659,7.657,7.647,7.649,7.557,7.541,7.551,7.572,7.553
0.813888889,7.59,7.582,7.65,7.742,7.965,8.095,7.535,7.515,7.513,7.54,7.532,7.629,7.638,7.792,7.796,7.56,7.533,7.726,7.778,7.659,7.657,7.647,7.648,7.557,7.541,7.551,7.572,7.553
0.815277778,7.59,7.582,7.65,7.741,7.965,8.095,7.534,7.515,7.513,7.54,7.532,7.628,7.638,7.792,7.796,7.559,7.533,7.725,7.778,7.659,7.657,7.647,7.648,7.557,7.541,7.551,7.572,7.553
0.816666667,7.59,7.582,7.65,7.741,7.965,8.096,7.533,7.514,7.513,7.54,7.531,7.629,7.637,7.791,7.796,7.559,7.533,7.725,7.778,7.658,7.656,7.647,7.648,7.557,7.541,7.55,7.571,7.553
0.818055556,7.59,7.581,7.65,7.741,7.965,8.096,7.533,7.514,7.512,7.539,7.531,7.628,7.636,7.791,7.795,7.559,7.533,7.724,7.778,7.658,7.656,7.647,7.648,7.556,7.541,7.55,7.571,7.553
0.819444444,7.589,7.581,7.649,7.741,7.964,8.096,7.533,7.514,7.512,7.539,7.53,7.627,7.636,7.791,7.795,7.559,7.533,7.724,7.778,7.658,7.655,7.647,7.648,7.555,7.54,7.55,7.571,7.553
0.820833333,7.588,7.581,7.649,7.74,7.963,8.095,7.534,7.514,7.512,7.539,7.531,7.627,7.636,7.792,7.795,7.558,7.532,7.724,7.777,7.657,7.655,7.646,7.648,7.555,7.54,7.55,7.571,7.552
0.822222222,7.588,7.581,7.649,7.739,7.963,8.094,7.533,7.514,7.512,7.539,7.531,7.627,7.636,7.791,7.795,7.558,7.532,7.724,7.777,7.657,7.656,7.645,7.647,7.555,7.54,7.55,7.571,7.551
0.823611111,7.588,7.581,7.649,7.739,7.963,8.094,7.533,7.514,7.511,7.539,7.53,7.627,7.636,7.791,7.795,7.558,7.532,7.724,7.777,7.657,7.656,7.645,7.646,7.555,7.54,7.55,7.571,7.551
0.825,7.588,7.581,7.649,7.739,7.963,8.094,7.533,7.514,7.511,7.538,7.53,7.627,7.636,7.791,7.795,7.558,7.531,7.724,7.777,7.657,7.655,7.645,7.645,7.555,7.54,7.55,7.571,7.551
0.826388889,7.588,7.581,7.648,7.739,7.963,8.094,7.533,7.514,7.512,7.538,7.53,7.627,7.636,7.791,7.795,7.558,7.531,7.724,7.777,7.657,7.655,7.645,7.645,7.555,7.54,7.55,7.571,7.551
0.827777778,7.588,7.58,7.647,7.738,7.962,8.094,7.533,7.513,7.512,7.538,7.529,7.626,7.635,7.79,7.795,7.558,7.53,7.724,7.776,7.657,7.655,7.645,7.646,7.555,7.54,7.55,7.571,7.551
0.829166667,7.588,7.579,7.647,7.737,7.962,8.094,7.532,7.513,7.511,7.538,7.529,7.626,7.635,7.79,7.793,7.558,7.531,7.723,7.776,7.657,7.654,7.645,7.645,7.554,7.54,7.549,7.571,7.551
0.830555556,7.587,7.579,7.647,7.737,7.962,8.093,7.532,7.513,7.51,7.537,7.529,7.626,7.635,7.791,7.793,7.557,7.531,7.723,7.775,7.656,7.654,7.645,7.645,7.554,7.539,7.549,7.57,7.551
0.831944444,7.587,7.579,7.647,7.737,7.962,8.093,7.531,7.513,7.51,7.537,7.529,7.626,7.635,7.79,7.793,7.557,7.53,7.723,7.775,7.656,7.654,7.645,7.646,7.555,7.539,7.549,7.57,7.551
0.833333333,7.587,7.579,7.646,7.737,7.962,8.093,7.532,7.513,7.51,7.537,7.529,7.626,7.635,7.79,7.793,7.556,7.53,7.722,7.775,7.655,7.654,7.645,7.645,7.555,7.539,7.549,7.569,7.551
0.834722222,7.587,7.579,7.646,7.737,7.961,8.093,7.532,7.512,7.51,7.537,7.529,7.625,7.635,7.79,7.793,7.556,7.53,7.722,7.775,7.655,7.654,7.645,7.644,7.555,7.538,7.548,7.569,7.551
0.836111111,7.587,7.579,7.646,7.736,7.961,8.093,7.531,7.512,7.51,7.537,7.528,7.625,7.634,7.788,7.793,7.556,7.53,7.722,7.775,7.655,7.653,7.644,7.644,7.554,7.539,7.548,7.569,7.551
0.8375,7.587,7.579,7.646,7.736,7.961,8.093,7.531,7.512,7.51,7.537,7.528,7.624,7.634,7.788,7.792,7.556,7.529,7.722,7.775,7.655,7.653,7.644,7.644,7.554,7.539,7.548,7.569,7.551
0.838888889,7.586,7.578,7.646,7.736,7.961,8.093,7.531,7.512,7.509,7.536,7.527,7.624,7.634,7.788,7.793,7.556,7.529,7.722,7.775,7.655,7.653,7.644,7.644,7.553,7.538,7.548,7.569,7.55
0.840277778,7.586,7.577,7.646,7.736,7.96,8.093,7.531,7.512,7.509,7.535,7.527,7.624,7.633,7.788,7.793,7.556,7.529,7.722,7.774,7.655,7.653,7.643,7.644,7.553,7.538,7.548,7.569,7.55
0.841666667,7.587,7.577,7.645,7.735,7.96,8.092,7.531,7.511,7.51,7.535,7.527,7.624,7.633,7.788,7.792,7.556,7.529,7.721,7.773,7.654,7.652,7.643,7.644,7.553,7.538,7.548,7.569,7.55
0.843055556,7.586,7.577,7.644,7.734,7.96,8.092,7.531,7.511,7.509,7.535,7.527,7.624,7.633,7.788,7.791,7.555,7.529,7.72,7.773,7.653,7.652,7.643,7.644,7.553,7.538,7.548,7.569,7.55
0.844444444,7.585,7.577,7.644,7.734,7.96,8.091,7.531,7.511,7.508,7.535,7.527,7.624,7.633,7.788,7.791,7.555,7.529,7.72,7.773,7.653,7.652,7.643,7.642,7.553,7.538,7.547,7.569,7.55
0.845833333,7.585,7.577,7.644,7.734,7.959,8.091,7.531,7.51,7.508,7.535,7.527,7.623,7.632,7.788,7.791,7.556,7.529,7.72,7.773,7.653,7.652,7.643,7.643,7.552,7.538,7.547,7.568,7.55
0.847222222,7.585,7.577,7.644,7.734,7.958,8.091,7.53,7.51,7.508,7.535,7.527,7.622,7.632,7.787,7.791,7.556,7.529,7.72,7.773,7.653,7.652,7.642,7.643,7.552,7.538,7.547,7.568,7.55
0.848611111,7.585,7.577,7.644,7.734,7.958,8.091,7.529,7.51,7.508,7.534,7.526,7.622,7.632,7.786,7.791,7.555,7.529,7.72,7.773,7.653,7.651,7.641,7.642,7.552,7.538,7.548,7.568,7.549
0.85,7.585,7.576,7.644,7.733,7.958,8.091,7.529,7.51,7.508,7.534,7.526,7.622,7.632,7.786,7.791,7.554,7.528,7.72,7.773,7.653,7.651,7.641,7.642,7.552,7.538,7.547,7.568,7.549
0.851388889,7.585,7.576,7.644,7.732,7.958,8.091,7.529,7.51,7.508,7.534,7.526,7.622,7.631,7.786,7.791,7.554,7.528,7.72,7.773,7.653,7.65,7.641,7.642,7.552,7.538,7.546,7.567,7.55
0.852777778,7.584,7.576,7.644,7.732,7.958,8.091,7.529,7.51,7.507,7.535,7.526,7.622,7.631,7.786,7.79,7.554,7.528,7.72,7.772,7.653,7.65,7.641,7.641,7.552,7.538,7.546,7.567,7.55
0.854166667,7.583,7.576,7.643,7.732,7.958,8.09,7.529,7.51,7.507,7.534,7.526,7.622,7.631,7.786,7.79,7.554,7.527,7.72,7.772,7.653,7.65,7.641,7.641,7.552,7.538,7.546,7.567,7.55
0.855555556,7.583,7.576,7.642,7.732,7.958,8.089,7.529,7.51,7.507,7.534,7.526,7.621,7.631,7.786,7.79,7.554,7.527,7.719,7.772,7.652,7.65,7.641,7.641,7.552,7.537,7.546,7.567,7.549
0.856944444,7.583,7.576,7.642,7.732,7.957,8.089,7.528,7.509,7.507,7.534,7.525,7.621,7.631,7.786,7.79,7.553,7.527,7.718,7.772,7.652,7.65,7.641,7.641,7.551,7.537,7.546,7.567,7.548
0.858333333,7.583,7.575,7.642,7.732,7.957,8.089,7.528,7.508,7.507,7.534,7.525,7.621,7.631,7.786,7.79,7.553,7.527,7.718,7.772,7.652,7.65,7.641,7.641,7.551,7.536,7.546,7.567,7.548
0.859722222,7.583,7.575,7.642,7.731,7.957,8.09,7.528,7.508,7.507,7.534,7.526,7.621,7.63,7.785,7.789,7.554,7.527,7.718,7.772,7.652,7.65,7.641,7.641,7.552,7.536,7.546,7.567,7.548
0.861111111,7.583,7.574,7.642,7.73,7.956,8.091,7.527,7.508,7.506,7.533,7.525,7.62,7.63,7.785,7.789,7.554,7.527,7.718,7.771,7.652,7.649,7.64,7.64,7.551,7.536,7.546,7.567,7.548
0.8625,7.583,7.575,7.641,7.73,7.956,8.09,7.527,7.508,7.506,7.533,7.524,7.62,7.63,7.785,7.788,7.553,7.527,7.718,7.771,7.651,7.649,7.64,7.64,7.55,7.536,7.545,7.567,7.548
0.863888889,7.582,7.575,7.641,7.73,7.957,8.089,7.527,7.508,7.506,7.532,7.524,7.621,7.63,7.784,7.788,7.553,7.527,7.718,7.77,7.65,7.649,7.64,7.639,7.55,7.536,7.545,7.567,7.548
0.865277778,7.582,7.574,7.641,7.73,7.956,8.089,7.527,7.507,7.506,7.532,7.524,7.62,7.63,7.784,7.788,7.553,7.526,7.717,7.77,7.65,7.649,7.64,7.639,7.55,7.536,7.545,7.566,7.547
0.866666667,7.582,7.574,7.641,7.729,7.956,8.089,7.527,7.508,7.506,7.532,7.524,7.619,7.63,7.784,7.788,7.553,7.526,7.717,7.77,7.65,7.648,7.64,7.639,7.55,7.536,7.545,7.566,7.547
0.868055556,7.582,7.574,7.641,7.729,7.955,8.089,7.527,7.508,7.507,7.532,7.524,7.619,7.63,7.784,7.788,7.553,7.525,7.717,7.77,7.65,7.648,7.64,7.639,7.55,7.536,7.545,7.567,7.548
0.869444444,7.582,7.574,7.64,7.729,7.955,8.088,7.527,7.508,7.506,7.532,7.523,7.619,7.629,7.784,7.788,7.553,7.525,7.717,7.77,7.65,7.649,7.64,7.639,7.55,7.536,7.545,7.566,7.547
0.870833333,7.582,7.574,7.64,7.729,7.955,8.088,7.526,7.507,7.505,7.532,7.523,7.619,7.629,7.784,7.788,7.553,7.525,7.717,7.77,7.65,7.648,7.64,7.639,7.55,7.536,7.545,7.565,7.547
0.872222222,7.581,7.573,7.64,7.728,7.954,8.088,7.526,7.507,7.505,7.532,7.523,7.619,7.629,7.783,7.787,7.552,7.525,7.716,7.77,7.65,7.648,7.64,7.638,7.55,7.536,7.545,7.565,7.546
0.873611111,7.581,7.572,7.639,7.727,7.954,8.088,7.526,7.507,7.505,7.531,7.523,7.619,7.628,7.783,7.787,7.551,7.525,7.716,7.769,7.649,7.647,7.639,7.639,7.55,7.535,7.545,7.565,7.547
0.875,7.581,7.572,7.639,7.727,7.954,8.088,7.526,7.507,7.504,7.531,7.523,7.619,7.628,7.783,7.787,7.551,7.525,7.717,7.769,7.649,7.647,7.638,7.638,7.55,7.535,7.545,7.565,7.547
0.876388889,7.58,7.572,7.639,7.727,7.954,8.087,7.526,7.507,7.504,7.531,7.523,7.618,7.628,7.783,7.787,7.551,7.524,7.717,7.769,7.649,7.647,7.638,7.638,7.549,7.535,7.545,7.565,7.546
0.877777778,7.58,7.572,7.639,7.727,7.954,8.088,7.526,7.507,7.504,7.53,7.522,7.618,7.627,7.783,7.786,7.551,7.524,7.716,7.768,7.648,7.647,7.639,7.637,7.548,7.535,7.545,7.565,7.546
0.879166667,7.58,7.572,7.639,7.726,7.953,8.088,7.525,7.506,7.504,7.53,7.522,7.617,7.627,7.783,7.786,7.551,7.524,7.716,7.768,7.648,7.647,7.639,7.637,7.549,7.535,7.544,7.565,7.546
0.880555556,7.58,7.572,7.639,7.726,7.953,8.087,7.525,7.506,7.504,7.53,7.522,7.617,7.627,7.782,7.786,7.551,7.524,7.715,7.768,7.648,7.647,7.638,7.637,7.549,7.535,7.543,7.565,7.546
0.881944444,7.58,7.572,7.638,7.725,7.953,8.087,7.524,7.505,7.504,7.53,7.522,7.617,7.627,7.781,7.787,7.551,7.524,7.715,7.768,7.648,7.647,7.638,7.637,7.548,7.534,7.543,7.564,7.546
0.883333333,7.58,7.572,7.637,7.725,7.953,8.086,7.524,7.505,7.504,7.53,7.522,7.617,7.626,7.781,7.786,7.55,7.524,7.715,7.768,7.647,7.647,7.638,7.637,7.548,7.534,7.543,7.564,7.546
0.884722222,7.579,7.571,7.637,7.725,7.953,8.086,7.524,7.505,7.503,7.53,7.522,7.616,7.626,7.781,7.786,7.55,7.524,7.715,7.768,7.647,7.646,7.637,7.636,7.548,7.534,7.543,7.564,7.546
0.886111111,7.579,7.571,7.637,7.725,7.952,8.086,7.524,7.505,7.503,7.53,7.521,7.615,7.626,7.781,7.785,7.551,7.524,7.715,7.767,7.647,7.646,7.637,7.636,7.548,7.534,7.543,7.564,7.545
0.8875,7.578,7.571,7.637,7.724,7.952,8.086,7.524,7.505,7.503,7.53,7.521,7.615,7.626,7.78,7.785,7.551,7.523,7.715,7.767,7.647,7.645,7.637,7.636,7.547,7.534,7.543,7.564,7.545
0.888888889,7.578,7.571,7.637,7.724,7.953,8.086,7.524,7.505,7.503,7.529,7.521,7.615,7.626,7.78,7.784,7.55,7.522,7.714,7.767,7.647,7.645,7.636,7.636,7.547,7.534,7.543,7.564,7.545
0.890277778,7.578,7.571,7.637,7.724,7.952,8.086,7.523,7.505,7.503,7.529,7.521,7.615,7.625,7.779,7.784,7.55,7.522,7.714,7.766,7.647,7.645,7.636,7.636,7.546,7.533,7.543,7.564,7.544
0.891666667,7.578,7.57,7.637,7.724,7.952,8.086,7.524,7.505,7.502,7.529,7.52,7.615,7.625,7.78,7.784,7.549,7.522,7.714,7.766,7.647,7.645,7.636,7.636,7.546,7.534,7.543,7.564,7.544
0.893055556,7.578,7.57,7.636,7.724,7.951,8.086,7.525,7.505,7.502,7.529,7.52,7.615,7.624,7.781,7.784,7.549,7.522,7.714,7.766,7.647,7.645,7.636,7.635,7.546,7.533,7.543,7.564,7.544
0.894444444,7.577,7.569,7.636,7.723,7.95,8.086,7.523,7.504,7.501,7.529,7.52,7.615,7.624,7.78,7.784,7.549,7.522,7.713,7.766,7.647,7.645,7.636,7.634,7.546,7.533,7.542,7.564,7.544
0.895833333,7.577,7.569,7.636,7.723,7.95,8.085,7.523,7.504,7.501,7.529,7.52,7.614,7.624,7.779,7.784,7.549,7.522,7.713,7.766,7.647,7.644,7.636,7.634,7.546,7.533,7.542,7.564,7.544
0.897222222,7.577,7.569,7.635,7.722,7.95,8.084,7.524,7.504,7.501,7.528,7.519,7.614,7.624,7.779,7.784,7.548,7.522,7.713,7.766,7.646,7.644,7.636,7.634,7.546,7.533,7.541,7.563,7.544
0.898611111,7.577,7.569,7.635,7.722,7.95,8.084,7.523,7.504,7.501,7.528,7.519,7.614,7.624,7.779,7.784,7.547,7.522,7.713,7.765,7.645,7.644,7.636,7.634,7.546,7.533,7.541,7.562,7.544
0.9,7.577,7.569,7.635,7.722,7.95,8.084,7.523,7.503,7.501,7.529,7.519,7.614,7.624,7.779,7.784,7.547,7.522,7.713,7.766,7.645,7.644,7.635,7.634,7.546,7.533,7.541,7.563,7.544
0.901388889,7.577,7.569,7.635,7.721,7.949,8.084,7.523,7.503,7.501,7.529,7.519,7.614,7.624,7.779,7.783,7.547,7.521,7.713,7.765,7.645,7.643,7.635,7.634,7.546,7.533,7.541,7.563,7.544
0.902777778,7.577,7.569,7.635,7.721,7.949,8.084,7.522,7.503,7.501,7.528,7.519,7.613,7.624,7.778,7.782,7.547,7.521,7.712,7.765,7.645,7.643,7.635,7.633,7.545,7.533,7.541,7.562,7.544
0.904166667,7.577,7.569,7.634,7.721,7.949,8.084,7.522,7.503,7.5,7.528,7.519,7.612,7.623,7.779,7.782,7.547,7.52,7.711,7.765,7.645,7.643,7.635,7.632,7.546,7.533,7.541,7.562,7.544
0.905555556,7.576,7.569,7.634,7.72,7.949,8.084,7.522,7.503,7.501,7.528,7.518,7.612,7.623,7.779,7.783,7.547,7.52,7.711,7.764,7.645,7.643,7.635,7.633,7.546,7.533,7.541,7.562,7.543
0.906944444,7.576,7.568,7.634,7.72,7.948,8.084,7.522,7.503,7.501,7.527,7.518,7.612,7.623,7.779,7.782,7.547,7.52,7.711,7.764,7.644,7.643,7.634,7.632,7.545,7.533,7.541,7.561,7.543
0.908333333,7.575,7.567,7.634,7.72,7.948,8.083,7.522,7.503,7.5,7.527,7.519,7.612,7.623,7.779,7.782,7.547,7.52,7.711,7.764,7.643,7.643,7.634,7.632,7.545,7.533,7.541,7.561,7.544
0.909722222,7.575,7.567,7.634,7.719,7.948,8.082,7.521,7.503,7.5,7.527,7.518,7.612,7.622,7.778,7.782,7.547,7.52,7.711,7.764,7.643,7.643,7.634,7.632,7.545,7.533,7.541,7.562,7.544
0.911111111,7.575,7.567,7.634,7.719,7.947,8.082,7.521,7.503,7.5,7.527,7.518,7.612,7.622,7.777,7.782,7.547,7.52,7.711,7.763,7.643,7.643,7.634,7.632,7.545,7.532,7.541,7.562,7.543
0.9125,7.575,7.567,7.633,7.719,7.947,8.082,7.521,7.502,7.5,7.526,7.518,7.611,7.621,7.777,7.782,7.547,7.52,7.71,7.763,7.643,7.643,7.633,7.632,7.545,7.531,7.54,7.562,7.543
0.913888889,7.575,7.567,7.633,7.719,7.946,8.082,7.52,7.502,7.5,7.526,7.518,7.611,7.621,7.777,7.781,7.547,7.519,7.71,7.763,7.643,7.642,7.633,7.631,7.545,7.531,7.54,7.561,7.543
0.915277778,7.575,7.566,7.632,7.719,7.946,8.082,7.52,7.502,7.5,7.526,7.517,7.611,7.621,7.776,7.781,7.547,7.519,7.71,7.763,7.643,7.642,7.633,7.631,7.545,7.531,7.54,7.561,7.543
0.916666667,7.574,7.566,7.632,7.719,7.946,8.082,7.521,7.502,7.5,7.527,7.517,7.61,7.621,7.776,7.781,7.546,7.519,7.71,7.763,7.643,7.642,7.633,7.631,7.544,7.531,7.54,7.561,7.543
0.918055556,7.574,7.567,7.632,7.718,7.946,8.081,7.52,7.502,7.5,7.526,7.517,7.61,7.621,7.776,7.781,7.546,7.519,7.71,7.763,7.642,7.641,7.633,7.631,7.543,7.531,7.54,7.56,7.543
0.919444444,7.573,7.567,7.632,7.717,7.945,8.082,7.52,7.502,7.499,7.526,7.517,7.61,7.621,7.777,7.781,7.546,7.519,7.71,7.763,7.641,7.641,7.633,7.631,7.543,7.531,7.54,7.56,7.543
0.920833333,7.573,7.566,7.631,7.717,7.945,8.082,7.52,7.502,7.498,7.525,7.517,7.609,7.621,7.776,7.781,7.546,7.519,7.709,7.762,7.641,7.641,7.633,7.631,7.544,7.531,7.54,7.56,7.543
0.922222222,7.573,7.566,7.631,7.717,7.945,8.082,7.519,7.502,7.498,7.525,7.517,7.609,7.62,7.776,7.78,7.546,7.518,7.709,7.761,7.641,7.641,7.633,7.631,7.544,7.531,7.54,7.56,7.542
0.923611111,7.573,7.566,7.631,7.717,7.945,8.081,7.519,7.502,7.498,7.525,7.517,7.609,7.62,7.776,7.779,7.546,7.518,7.709,7.761,7.641,7.64,7.632,7.631,7.543,7.531,7.54,7.56,7.542
0.925,7.573,7.566,7.631,7.717,7.945,8.081,7.519,7.501,7.498,7.525,7.517,7.609,7.619,7.775,7.779,7.546,7.518,7.709,7.761,7.641,7.64,7.632,7.63,7.543,7.531,7.54,7.56,7.542
0.926388889,7.573,7.565,7.631,7.716,7.945,8.081,7.519,7.501,7.498,7.525,7.517,7.609,7.619,7.775,7.779,7.546,7.518,7.708,7.761,7.641,7.64,7.631,7.629,7.543,7.531,7.54,7.56,7.542
0.927777778,7.573,7.565,7.63,7.716,7.945,8.08,7.519,7.501,7.498,7.526,7.516,7.609,7.619,7.774,7.779,7.545,7.518,7.709,7.761,7.641,7.64,7.632,7.629,7.543,7.531,7.539,7.56,7.542
0.929166667,7.573,7.564,7.63,7.716,7.944,8.08,7.519,7.5,7.498,7.526,7.516,7.609,7.619,7.774,7.779,7.544,7.518,7.708,7.761,7.641,7.64,7.632,7.629,7.542,7.531,7.538,7.56,7.541
0.930555556,7.573,7.564,7.63,7.715,7.944,8.08,7.519,7.5,7.498,7.525,7.516,7.608,7.619,7.774,7.779,7.544,7.518,7.708,7.761,7.641,7.64,7.631,7.629,7.542,7.531,7.538,7.56,7.541
0.931944444,7.573,7.564,7.63,7.715,7.944,8.08,7.519,7.5,7.498,7.525,7.516,7.608,7.619,7.774,7.779,7.544,7.517,7.708,7.761,7.64,7.639,7.631,7.629,7.542,7.53,7.538,7.56,7.541
0.933333333,7.572,7.564,7.629,7.715,7.943,8.081,7.519,7.5,7.498,7.524,7.515,7.608,7.619,7.774,7.779,7.544,7.517,7.707,7.76,7.64,7.639,7.631,7.628,7.543,7.53,7.538,7.56,7.541
0.934722222,7.571,7.564,7.63,7.715,7.943,8.08,7.519,7.5,7.498,7.524,7.515,7.608,7.619,7.774,7.779,7.544,7.517,7.707,7.76,7.64,7.639,7.631,7.628,7.542,7.529,7.538,7.56,7.541
0.936111111,7.571,7.564,7.63,7.714,7.943,8.079,7.518,7.5,7.497,7.525,7.515,7.608,7.618,7.774,7.778,7.544,7.517,7.707,7.76,7.64,7.639,7.631,7.629,7.542,7.529,7.538,7.56,7.541
0.9375,7.571,7.564,7.629,7.713,7.943,8.079,7.517,7.5,7.497,7.524,7.514,7.608,7.618,7.774,7.778,7.543,7.517,7.707,7.76,7.64,7.638,7.63,7.628,7.541,7.529,7.538,7.559,7.541
0.938888889,7.571,7.564,7.629,7.713,7.943,8.079,7.517,7.5,7.496,7.524,7.514,7.607,7.618,7.773,7.778,7.543,7.517,7.707,7.76,7.64,7.638,7.629,7.628,7.541,7.529,7.538,7.559,7.541
0.940277778,7.571,7.563,7.628,7.713,7.942,8.079,7.517,7.5,7.496,7.524,7.514,7.607,7.618,7.772,7.778,7.543,7.517,7.707,7.76,7.64,7.638,7.629,7.628,7.542,7.529,7.538,7.559,7.54
0.941666667,7.57,7.562,7.628,7.713,7.942,8.078,7.517,7.499,7.496,7.524,7.514,7.607,7.617,7.772,7.777,7.543,7.516,7.707,7.759,7.64,7.638,7.629,7.627,7.541,7.529,7.538,7.558,7.539
0.943055556,7.57,7.562,7.629,7.712,7.941,8.078,7.517,7.498,7.496,7.524,7.514,7.607,7.616,7.772,7.777,7.543,7.516,7.706,7.758,7.639,7.637,7.629,7.627,7.541,7.529,7.538,7.558,7.539
0.944444444,7.57,7.562,7.628,7.712,7.941,8.078,7.517,7.498,7.496,7.523,7.514,7.606,7.616,7.772,7.777,7.542,7.516,7.706,7.758,7.638,7.637,7.629,7.627,7.541,7.529,7.537,7.558,7.539
0.945833333,7.57,7.562,7.628,7.712,7.941,8.077,7.517,7.499,7.496,7.523,7.514,7.605,7.616,7.772,7.776,7.542,7.515,7.706,7.758,7.638,7.637,7.629,7.627,7.54,7.529,7.538,7.558,7.54
0.947222222,7.57,7.562,7.628,7.712,7.941,8.077,7.517,7.499,7.496,7.523,7.514,7.605,7.616,7.772,7.776,7.542,7.515,7.706,7.758,7.638,7.637,7.629,7.627,7.54,7.529,7.537,7.558,7.539
0.948611111,7.57,7.562,7.627,7.712,7.941,8.077,7.517,7.498,7.495,7.523,7.513,7.605,7.616,7.772,7.776,7.542,7.515,7.706,7.758,7.638,7.637,7.629,7.626,7.54,7.529,7.537,7.558,7.539
0.95,7.57,7.562,7.627,7.712,7.94,8.077,7.517,7.498,7.495,7.523,7.513,7.605,7.616,7.771,7.776,7.542,7.515,7.705,7.758,7.638,7.637,7.629,7.625,7.541,7.528,7.537,7.558,7.539
0.951388889,7.57,7.562,7.627,7.711,7.94,8.077,7.517,7.498,7.495,7.522,7.513,7.605,7.616,7.771,7.776,7.542,7.515,7.705,7.758,7.638,7.637,7.629,7.626,7.54,7.529,7.536,7.557,7.539
0.952777778,7.569,7.562,7.626,7.71,7.94,8.077,7.516,7.498,7.495,7.522,7.512,7.605,7.615,7.77,7.776,7.542,7.515,7.705,7.758,7.638,7.636,7.628,7.626,7.54,7.529,7.536,7.558,7.539
0.954166667,7.568,7.561,7.626,7.71,7.94,8.076,7.515,7.498,7.495,7.521,7.513,7.605,7.615,7.77,7.776,7.542,7.514,7.705,7.758,7.638,7.636,7.628,7.625,7.54,7.528,7.536,7.558,7.539
0.955555556,7.568,7.561,7.626,7.71,7.94,8.076,7.515,7.498,7.495,7.521,7.513,7.605,7.616,7.771,7.775,7.541,7.514,7.705,7.757,7.638,7.636,7.628,7.625,7.54,7.528,7.536,7.557,7.539
0.956944444,7.568,7.56,7.626,7.71,7.939,8.076,7.515,7.497,7.495,7.522,7.512,7.604,7.616,7.77,7.775,7.541,7.515,7.705,7.757,7.637,7.636,7.628,7.625,7.54,7.528,7.536,7.557,7.539
0.958333333,7.568,7.56,7.625,7.709,7.939,8.076,7.515,7.497,7.495,7.522,7.513,7.603,7.615,7.77,7.775,7.541,7.515,7.704,7.756,7.637,7.636,7.628,7.625,7.54,7.528,7.536,7.557,7.539
0.959722222,7.568,7.56,7.625,7.709,7.939,8.075,7.515,7.496,7.494,7.522,7.512,7.603,7.615,7.77,7.775,7.541,7.514,7.705,7.756,7.636,7.636,7.627,7.625,7.54,7.528,7.536,7.557,7.539
0.961111111,7.568,7.56,7.625,7.71,7.938,8.075,7.515,7.496,7.494,7.522,7.512,7.603,7.615,7.77,7.774,7.541,7.513,7.704,7.756,7.636,7.635,7.628,7.625,7.539,7.528,7.536,7.557,7.538
0.9625,7.568,7.56,7.625,7.709,7.938,8.075,7.515,7.496,7.494,7.521,7.512,7.603,7.614,7.77,7.774,7.541,7.513,7.703,7.755,7.636,7.635,7.627,7.624,7.538,7.528,7.536,7.557,7.538
0.963888889,7.568,7.56,7.625,7.708,7.938,8.074,7.514,7.496,7.494,7.52,7.512,7.602,7.614,7.77,7.774,7.54,7.513,7.703,7.756,7.636,7.635,7.627,7.624,7.539,7.528,7.535,7.557,7.538
0.965277778,7.568,7.559,7.625,7.708,7.938,8.075,7.514,7.496,7.494,7.521,7.512,7.602,7.614,7.77,7.774,7.54,7.513,7.703,7.756,7.636,7.635,7.627,7.624,7.539,7.527,7.535,7.556,7.538
0.966666667,7.567,7.559,7.623,7.707,7.937,8.075,7.514,7.496,7.493,7.521,7.512,7.603,7.614,7.77,7.774,7.54,7.513,7.703,7.755,7.636,7.635,7.626,7.624,7.538,7.526,7.535,7.556,7.538
0.968055556,7.566,7.559,7.623,7.707,7.938,8.074,7.514,7.496,7.493,7.521,7.512,7.602,7.613,7.769,7.774,7.54,7.513,7.703,7.755,7.635,7.635,7.626,7.624,7.538,7.527,7.536,7.557,7.538
0.969444444,7.566,7.559,7.623,7.707,7.938,8.074,7.514,7.496,7.493,7.521,7.512,7.602,7.612,7.769,7.774,7.54,7.513,7.703,7.755,7.635,7.634,7.626,7.624,7.538,7.528,7.535,7.557,7.538
0.970833333,7.566,7.559,7.623,7.707,7.937,8.073,7.514,7.496,7.493,7.52,7.511,7.602,7.613,7.769,7.773,7.539,7.512,7.703,7.755,7.635,7.634,7.626,7.624,7.538,7.527,7.534,7.556,7.538
0.972222222,7.566,7.559,7.623,7.707,7.936,8.073,7.514,7.495,7.493,7.519,7.51,7.602,7.613,7.769,7.772,7.539,7.512,7.703,7.754,7.635,7.633,7.626,7.624,7.538,7.526,7.534,7.556,7.538
0.973611111,7.566,7.559,7.623,7.706,7.936,8.074,7.514,7.496,7.493,7.52,7.51,7.601,7.612,7.769,7.772,7.539,7.512,7.702,7.754,7.635,7.633,7.626,7.623,7.538,7.526,7.534,7.555,7.538
0.975,7.566,7.559,7.623,7.705,7.936,8.073,7.514,7.496,7.493,7.521,7.51,7.601,7.612,7.769,7.772,7.539,7.512,7.702,7.755,7.635,7.633,7.625,7.622,7.538,7.526,7.534,7.555,7.538
0.976388889,7.566,7.558,7.623,7.705,7.936,8.073,7.514,7.495,7.493,7.52,7.51,7.601,7.612,7.769,7.772,7.539,7.512,7.701,7.755,7.635,7.633,7.625,7.622,7.538,7.526,7.534,7.556,7.538
0.977777778,7.566,7.558,7.622,7.705,7.936,8.072,7.514,7.496,7.493,7.52,7.51,7.6,7.612,7.768,7.772,7.539,7.512,7.701,7.754,7.635,7.633,7.626,7.622,7.538,7.526,7.534,7.555,7.538
0.979166667,7.565,7.558,7.622,7.705,7.935,8.072,7.513,7.495,7.492,7.52,7.51,7.6,7.611,7.767,7.772,7.539,7.512,7.701,7.754,7.634,7.633,7.625,7.622,7.537,7.526,7.534,7.555,7.537
0.980555556,7.565,7.557,7.622,7.705,7.934,8.072,7.512,7.495,7.492,7.519,7.51,7.6,7.611,7.768,7.772,7.538,7.512,7.701,7.754,7.633,7.633,7.624,7.622,7.537,7.526,7.534,7.555,7.536
0.981944444,7.565,7.557,7.622,7.705,7.934,8.072,7.512,7.495,7.492,7.518,7.51,7.6,7.611,7.768,7.772,7.537,7.511,7.701,7.753,7.633,7.633,7.624,7.622,7.537,7.526,7.534,7.555,7.536
0.983333333,7.565,7.557,7.622,7.705,7.934,8.072,7.512,7.495,7.491,7.519,7.51,7.6,7.611,7.767,7.771,7.538,7.511,7.701,7.753,7.633,7.633,7.625,7.622,7.537,7.526,7.534,7.555,7.536
0.984722222,7.565,7.557,7.622,7.705,7.934,8.072,7.512,7.495,7.491,7.519,7.509,7.6,7.611,7.767,7.771,7.538,7.511,7.701,7.753,7.633,7.632,7.625,7.621,7.537,7.526,7.534,7.555,7.537
0.986111111,7.564,7.557,7.622,7.704,7.934,8.072,7.512,7.495,7.491,7.518,7.509,7.599,7.611,7.766,7.771,7.537,7.511,7.701,7.753,7.633,7.632,7.624,7.62,7.536,7.526,7.534,7.555,7.537
0.9875,7.564,7.556,7.621,7.703,7.934,8.071,7.511,7.494,7.491,7.519,7.509,7.598,7.611,7.766,7.771,7.537,7.511,7.7,7.753,7.633,7.632,7.624,7.62,7.536,7.526,7.533,7.554,7.536
0.988888889,7.564,7.555,7.62,7.703,7.934,8.07,7.511,7.494,7.491,7.519,7.509,7.598,7.611,7.765,7.771,7.538,7.511,7.699,7.753,7.633,7.632,7.624,7.62,7.536,7.526,7.533,7.554,7.536
0.990277778,7.564,7.555,7.62,7.702,7.934,8.07,7.512,7.494,7.491,7.519,7.508,7.598,7.61,7.766,7.771,7.537,7.51,7.699,7.752,7.633,7.631,7.624,7.62,7.536,7.526,7.533,7.554,7.536
0.991666667,7.564,7.555,7.62,7.702,7.933,8.07,7.511,7.494,7.491,7.518,7.509,7.598,7.609,7.766,7.771,7.537,7.51,7.699,7.752,7.632,7.631,7.624,7.62,7.535,7.526,7.533,7.554,7.536
0.993055556,7.563,7.555,7.62,7.703,7.933,8.07,7.511,7.494,7.491,7.517,7.509,7.598,7.609,7.766,7.771,7.537,7.51,7.699,7.753,7.631,7.631,7.623,7.62,7.534,7.525,7.533,7.553,7.536
0.994444444,7.563,7.555,7.619,7.702,7.933,8.07,7.511,7.494,7.491,7.517,7.508,7.598,7.609,7.765,7.771,7.537,7.51,7.699,7.752,7.631,7.631,7.623,7.62,7.535,7.525,7.533,7.553,7.536
0.995833333,7.563,7.555,7.619,7.702,7.932,8.07,7.511,7.493,7.491,7.517,7.509,7.598,7.609,7.765,7.77,7.537,7.51,7.699,7.752,7.631,7.631,7.623,7.619,7.536,7.524,7.533,7.553,7.535
0.997222222,7.563,7.555,7.619,7.702,7.931,8.07,7.51,7.493,7.49,7.517,7.509,7.598,7.609,7.765,7.769,7.537,7.509,7.698,7.751,7.631,7.631,7.623,7.619,7.535,7.524,7.533,7.553,7.535
0.998611111,7.563,7.555,7.618,7.701,7.931,8.069,7.51,7.493,7.49,7.517,7.508,7.597,7.609,7.765,7.769,7.537,7.509,7.698,7.751,7.631,7.631,7.623,7.619,7.534,7.524,7.533,7.553,7.536
1,7.563,7.555,7.618,7.7,7.931,8.069,7.51,7.493,7.49,7.517,7.508,7.597,7.609,7.765,7.769,7.537,7.508,7.699,7.751,7.631,7.631,7.623,7.619,7.535,7.524,7.532,7.553,7.536
1.001388889,7.563,7.555,7.618,7.7,7.931,8.069,7.51,7.493,7.49,7.517,7.508,7.596,7.609,7.764,7.769,7.536,7.509,7.698,7.751,7.631,7.631,7.623,7.618,7.535,7.525,7.532,7.553,7.536
1.002777778,7.562,7.555,7.618,7.7,7.931,8.069,7.51,7.493,7.489,7.518,7.508,7.596,7.609,7.764,7.769,7.535,7.508,7.698,7.751,7.63,7.631,7.623,7.618,7.535,7.524,7.532,7.553,7.535
1.004166667,7.561,7.554,7.618,7.7,7.931,8.069,7.51,7.492,7.49,7.518,7.508,7.596,7.608,7.764,7.769,7.536,7.508,7.698,7.75,7.63,7.63,7.623,7.618,7.534,7.524,7.533,7.553,7.534
1.005555556,7.561,7.554,7.618,7.7,7.931,8.069,7.51,7.491,7.49,7.518,7.508,7.596,7.607,7.764,7.769,7.535,7.508,7.698,7.75,7.629,7.63,7.622,7.618,7.534,7.524,7.532,7.553,7.534
1.006944444,7.561,7.554,7.618,7.7,7.931,8.069,7.51,7.492,7.49,7.517,7.507,7.596,7.607,7.764,7.769,7.535,7.508,7.698,7.751,7.629,7.63,7.622,7.618,7.534,7.524,7.531,7.553,7.534
1.008333333,7.561,7.554,7.618,7.699,7.931,8.068,7.51,7.493,7.489,7.517,7.507,7.596,7.607,7.764,7.768,7.535,7.508,7.698,7.75,7.629,7.629,7.621,7.617,7.534,7.524,7.531,7.553,7.534
1.009722222,7.561,7.554,7.617,7.699,7.93,8.067,7.51,7.493,7.488,7.516,7.507,7.596,7.607,7.764,7.768,7.535,7.508,7.698,7.75,7.629,7.629,7.621,7.617,7.534,7.524,7.532,7.552,7.534
1.011111111,7.561,7.554,7.617,7.698,7.929,8.067,7.509,7.492,7.488,7.516,7.507,7.595,7.607,7.764,7.767,7.535,7.508,7.697,7.751,7.629,7.629,7.622,7.617,7.534,7.523,7.532,7.552,7.534
1.0125,7.561,7.554,7.617,7.698,7.929,8.067,7.509,7.492,7.489,7.516,7.507,7.595,7.607,7.763,7.768,7.535,7.508,7.697,7.75,7.629,7.629,7.621,7.617,7.534,7.523,7.531,7.552,7.534
1.013888889,7.561,7.554,7.617,7.698,7.929,8.067,7.509,7.493,7.488,7.515,7.507,7.595,7.607,7.763,7.768,7.535,7.508,7.697,7.749,7.629,7.628,7.621,7.617,7.533,7.523,7.531,7.552,7.534
1.015277778,7.56,7.553,7.616,7.698,7.929,8.067,7.509,7.492,7.488,7.516,7.507,7.595,7.607,7.762,7.767,7.535,7.507,7.696,7.749,7.629,7.628,7.621,7.617,7.533,7.523,7.531,7.552,7.534
1.016666667,7.559,7.552,7.616,7.698,7.929,8.066,7.509,7.491,7.489,7.516,7.507,7.595,7.606,7.762,7.767,7.534,7.506,7.696,7.749,7.628,7.628,7.621,7.617,7.533,7.523,7.531,7.552,7.534
1.018055556,7.559,7.552,7.616,7.697,7.928,8.066,7.509,7.491,7.488,7.515,7.507,7.595,7.606,7.762,7.767,7.534,7.506,7.696,7.748,7.628,7.628,7.62,7.616,7.533,7.523,7.531,7.552,7.534
1.019444444,7.559,7.552,7.616,7.697,7.928,8.066,7.509,7.491,7.488,7.515,7.506,7.594,7.607,7.762,7.767,7.534,7.506,7.696,7.749,7.629,7.628,7.62,7.616,7.533,7.523,7.531,7.552,7.534
1.020833333,7.559,7.552,7.616,7.696,7.928,8.065,7.508,7.491,7.488,7.515,7.505,7.594,7.606,7.762,7.767,7.534,7.506,7.696,7.748,7.628,7.628,7.621,7.616,7.533,7.523,7.531,7.552,7.534
1.022222222,7.559,7.552,7.615,7.696,7.928,8.065,7.508,7.491,7.488,7.515,7.505,7.595,7.605,7.762,7.767,7.534,7.506,7.696,7.748,7.628,7.628,7.62,7.616,7.533,7.523,7.531,7.552,7.533
1.023611111,7.559,7.552,7.615,7.696,7.928,8.065,7.509,7.49,7.488,7.515,7.505,7.594,7.605,7.762,7.766,7.534,7.506,7.696,7.749,7.628,7.628,7.619,7.615,7.533,7.523,7.53,7.551,7.533
1.025,7.559,7.552,7.615,7.696,7.927,8.065,7.509,7.491,7.488,7.515,7.505,7.593,7.605,7.762,7.766,7.534,7.506,7.696,7.749,7.627,7.628,7.62,7.615,7.533,7.523,7.53,7.551,7.533
1.026388889,7.559,7.552,7.615,7.695,7.926,8.065,7.509,7.491,7.488,7.515,7.505,7.593,7.605,7.761,7.766,7.534,7.506,7.696,7.748,7.627,7.627,7.62,7.615,7.532,7.522,7.53,7.551,7.532
1.027777778,7.558,7.552,7.615,7.695,7.927,8.064,7.509,7.49,7.487,7.515,7.505,7.593,7.605,7.76,7.766,7.534,7.506,7.695,7.748,7.627,7.627,7.619,7.615,7.531,7.522,7.529,7.551,7.532
1.029166667,7.558,7.551,7.615,7.696,7.928,8.064,7.508,7.49,7.486,7.514,7.505,7.593,7.605,7.761,7.765,7.534,7.506,7.694,7.748,7.627,7.627,7.619,7.615,7.531,7.522,7.529,7.551,7.532
1.030555556,7.558,7.55,7.614,7.696,7.927,8.064,7.508,7.49,7.486,7.514,7.505,7.593,7.605,7.761,7.765,7.534,7.506,7.694,7.748,7.626,7.627,7.619,7.615,7.531,7.521,7.529,7.551,7.532
1.031944444,7.558,7.55,7.613,7.695,7.926,8.064,7.507,7.49,7.486,7.515,7.505,7.593,7.605,7.761,7.764,7.534,7.506,7.694,7.748,7.626,7.626,7.619,7.614,7.531,7.521,7.529,7.55,7.532
1.033333333,7.558,7.55,7.613,7.695,7.926,8.064,7.507,7.49,7.486,7.515,7.505,7.592,7.604,7.76,7.765,7.534,7.505,7.694,7.747,7.627,7.626,7.619,7.614,7.531,7.521,7.529,7.55,7.532
1.034722222,7.558,7.55,7.613,7.694,7.926,8.063,7.507,7.49,7.486,7.514,7.505,7.591,7.604,7.76,7.765,7.533,7.505,7.693,7.746,7.626,7.626,7.619,7.614,7.531,7.521,7.529,7.55,7.532
1.036111111,7.558,7.55,7.613,7.694,7.926,8.063,7.507,7.49,7.486,7.513,7.505,7.591,7.604,7.76,7.764,7.532,7.505,7.693,7.747,7.626,7.626,7.618,7.614,7.531,7.521,7.529,7.55,7.532
1.0375,7.558,7.55,7.613,7.694,7.925,8.063,7.507,7.49,7.486,7.512,7.505,7.591,7.604,7.759,7.764,7.532,7.505,7.694,7.746,7.626,7.626,7.617,7.614,7.531,7.521,7.528,7.551,7.532
1.038888889,7.558,7.55,7.613,7.693,7.924,8.062,7.506,7.49,7.486,7.512,7.504,7.591,7.603,7.759,7.764,7.532,7.505,7.694,7.746,7.626,7.626,7.617,7.614,7.531,7.521,7.528,7.55,7.532
1.040277778,7.557,7.55,7.613,7.693,7.924,8.062,7.506,7.489,7.486,7.513,7.503,7.591,7.603,7.759,7.764,7.532,7.505,7.693,7.746,7.626,7.625,7.618,7.614,7.531,7.521,7.529,7.55,7.532
1.041666667,7.556,7.549,7.612,7.693,7.924,8.062,7.506,7.489,7.486,7.513,7.503,7.591,7.604,7.759,7.764,7.532,7.505,7.693,7.746,7.625,7.625,7.618,7.613,7.531,7.521,7.529,7.55,7.532
1.043055556,7.556,7.549,7.612,7.693,7.924,8.062,7.507,7.488,7.486,7.513,7.503,7.591,7.603,7.759,7.764,7.532,7.505,7.693,7.746,7.625,7.625,7.617,7.613,7.531,7.521,7.528,7.55,7.531
1.044444444,7.556,7.549,7.612,7.693,7.924,8.061,7.506,7.488,7.486,7.513,7.503,7.591,7.602,7.758,7.764,7.532,7.505,7.693,7.745,7.625,7.624,7.617,7.612,7.531,7.521,7.528,7.549,7.532
1.045833333,7.556,7.549,7.612,7.693,7.924,8.06,7.505,7.489,7.485,7.513,7.503,7.591,7.602,7.758,7.764,7.532,7.505,7.692,7.745,7.624,7.624,7.617,7.612,7.531,7.521,7.528,7.549,7.532
1.047222222,7.556,7.549,7.612,7.693,7.924,8.06,7.505,7.488,7.485,7.513,7.503,7.59,7.602,7.758,7.763,7.532,7.504,7.692,7.745,7.624,7.624,7.617,7.612,7.531,7.521,7.528,7.549,7.531
1.048611111,7.556,7.549,7.612,7.692,7.924,8.06,7.505,7.488,7.485,7.513,7.503,7.59,7.602,7.758,7.762,7.532,7.503,7.692,7.745,7.624,7.624,7.617,7.612,7.531,7.521,7.528,7.549,7.531
1.05,7.556,7.549,7.612,7.691,7.923,8.06,7.505,7.488,7.484,7.512,7.503,7.59,7.602,7.758,7.762,7.532,7.503,7.692,7.744,7.624,7.624,7.617,7.612,7.53,7.521,7.528,7.549,7.531
1.051388889,7.556,7.549,7.611,7.691,7.923,8.06,7.505,7.488,7.485,7.512,7.503,7.59,7.602,7.758,7.762,7.532,7.503,7.692,7.744,7.624,7.624,7.617,7.612,7.53,7.52,7.528,7.548,7.531
1.052777778,7.556,7.548,7.611,7.69,7.923,8.06,7.505,7.488,7.485,7.513,7.503,7.59,7.602,7.757,7.762,7.531,7.503,7.692,7.744,7.624,7.624,7.616,7.611,7.529,7.52,7.528,7.548,7.531
1.054166667,7.555,7.548,7.611,7.691,7.923,8.06,7.505,7.488,7.484,7.513,7.503,7.589,7.602,7.757,7.762,7.53,7.503,7.692,7.744,7.624,7.624,7.616,7.61,7.529,7.52,7.528,7.548,7.531
1.055555556,7.555,7.547,7.611,7.691,7.922,8.06,7.505,7.488,7.484,7.513,7.503,7.588,7.602,7.757,7.762,7.53,7.503,7.691,7.744,7.623,7.623,7.617,7.611,7.529,7.52,7.528,7.548,7.531
1.056944444,7.555,7.547,7.611,7.69,7.921,8.059,7.504,7.488,7.484,7.512,7.503,7.588,7.602,7.757,7.762,7.531,7.503,7.691,7.744,7.623,7.623,7.617,7.612,7.529,7.519,7.528,7.548,7.531
1.058333333,7.555,7.547,7.61,7.69,7.922,8.059,7.504,7.488,7.485,7.512,7.503,7.588,7.601,7.757,7.762,7.531,7.503,7.691,7.744,7.623,7.623,7.616,7.611,7.529,7.52,7.528,7.548,7.53
1.059722222,7.554,7.547,7.61,7.69,7.922,8.059,7.504,7.487,7.485,7.512,7.502,7.588,7.6,7.757,7.762,7.53,7.503,7.691,7.743,7.623,7.623,7.616,7.61,7.529,7.52,7.527,7.548,7.53
1.061111111,7.554,7.547,7.61,7.689,7.921,8.06,7.504,7.487,7.484,7.512,7.502,7.588,7.6,7.757,7.762,7.53,7.502,7.691,7.743,7.623,7.623,7.616,7.61,7.529,7.52,7.527,7.548,7.53
1.0625,7.554,7.547,7.61,7.688,7.921,8.059,7.504,7.487,7.484,7.512,7.502,7.588,7.6,7.757,7.761,7.53,7.502,7.69,7.743,7.623,7.623,7.616,7.61,7.528,7.519,7.527,7.548,7.53
1.063888889,7.554,7.547,7.61,7.688,7.921,8.058,7.504,7.488,7.484,7.512,7.502,7.588,7.6,7.756,7.761,7.53,7.502,7.69,7.743,7.623,7.623,7.616,7.61,7.528,7.519,7.527,7.548,7.529
1.065277778,7.554,7.547,7.609,7.688,7.921,8.058,7.503,7.488,7.484,7.512,7.502,7.588,7.6,7.756,7.761,7.53,7.502,7.69,7.743,7.623,7.622,7.616,7.61,7.529,7.519,7.527,7.548,7.53
1.066666667,7.554,7.546,7.609,7.688,7.92,8.057,7.503,7.487,7.484,7.511,7.501,7.587,7.6,7.756,7.761,7.529,7.502,7.69,7.743,7.623,7.622,7.616,7.61,7.528,7.519,7.526,7.548,7.53
1.068055556,7.553,7.545,7.609,7.688,7.92,8.057,7.503,7.486,7.484,7.511,7.501,7.587,7.6,7.755,7.761,7.529,7.501,7.69,7.742,7.622,7.622,7.615,7.609,7.528,7.519,7.526,7.548,7.53
1.069444444,7.553,7.545,7.608,7.688,7.919,8.057,7.503,7.486,7.484,7.511,7.501,7.587,7.6,7.755,7.761,7.53,7.501,7.689,7.742,7.621,7.621,7.614,7.609,7.528,7.519,7.526,7.547,7.529
1.070833333,7.553,7.545,7.608,7.688,7.919,8.057,7.503,7.486,7.483,7.511,7.501,7.587,7.599,7.755,7.761,7.529,7.501,7.689,7.742,7.621,7.621,7.614,7.608,7.528,7.519,7.526,7.548,7.529
1.072222222,7.553,7.545,7.608,7.688,7.919,8.057,7.503,7.486,7.484,7.511,7.502,7.587,7.599,7.755,7.76,7.529,7.501,7.689,7.742,7.621,7.621,7.614,7.608,7.528,7.519,7.526,7.547,7.529
1.073611111,7.553,7.545,7.608,7.687,7.919,8.056,7.503,7.486,7.484,7.511,7.502,7.586,7.599,7.755,7.76,7.529,7.501,7.689,7.742,7.621,7.621,7.614,7.608,7.528,7.519,7.525,7.546,7.529
1.075,7.553,7.545,7.608,7.686,7.918,8.056,7.503,7.486,7.483,7.511,7.501,7.586,7.599,7.755,7.759,7.529,7.501,7.689,7.741,7.621,7.621,7.614,7.608,7.528,7.519,7.525,7.546,7.529
1.076388889,7.553,7.545,7.608,7.686,7.919,8.056,7.503,7.486,7.483,7.51,7.5,7.586,7.598,7.755,7.759,7.529,7.501,7.689,7.741,7.62,7.621,7.613,7.608,7.528,7.519,7.526,7.546,7.529
1.077777778,7.552,7.545,7.607,7.686,7.919,8.055,7.503,7.486,7.483,7.511,7.5,7.586,7.598,7.755,7.759,7.529,7.5,7.689,7.741,7.62,7.621,7.613,7.608,7.528,7.518,7.526,7.546,7.529
1.079166667,7.552,7.545,7.607,7.686,7.918,8.055,7.502,7.486,7.483,7.511,7.5,7.586,7.599,7.755,7.759,7.529,7.5,7.688,7.741,7.621,7.62,7.614,7.608,7.527,7.517,7.526,7.546,7.529
1.080555556,7.552,7.545,7.607,7.685,7.918,8.055,7.502,7.486,7.483,7.51,7.5,7.586,7.599,7.754,7.759,7.529,7.5,7.688,7.741,7.62,7.62,7.614,7.608,7.527,7.517,7.526,7.546,7.529
1.081944444,7.551,7.545,7.606,7.685,7.917,8.055,7.502,7.486,7.482,7.511,7.5,7.585,7.598,7.753,7.759,7.529,7.5,7.689,7.74,7.619,7.62,7.613,7.607,7.528,7.518,7.526,7.546,7.529
1.083333333,7.551,7.545,7.607,7.685,7.917,8.054,7.502,7.486,7.481,7.511,7.5,7.584,7.598,7.754,7.759,7.529,7.5,7.688,7.74,7.619,7.619,7.613,7.607,7.527,7.518,7.526,7.546,7.529
1.084722222,7.551,7.544,7.607,7.685,7.917,8.054,7.502,7.485,7.481,7.509,7.5,7.584,7.597,7.754,7.759,7.528,7.5,7.688,7.74,7.619,7.619,7.613,7.607,7.527,7.518,7.525,7.546,7.528
1.086111111,7.551,7.544,7.606,7.685,7.917,8.054,7.502,7.485,7.481,7.509,7.5,7.584,7.598,7.753,7.759,7.528,7.5,7.688,7.74,7.619,7.619,7.613,7.607,7.526,7.517,7.525,7.546,7.527
1.0875,7.551,7.544,7.605,7.685,7.916,8.053,7.502,7.485,7.481,7.51,7.5,7.584,7.598,7.753,7.758,7.528,7.5,7.688,7.74,7.619,7.619,7.612,7.607,7.526,7.518,7.524,7.545,7.527
1.088888889,7.551,7.544,7.605,7.685,7.916,8.053,7.502,7.485,7.482,7.509,7.5,7.584,7.597,7.753,7.758,7.528,7.5,7.687,7.74,7.619,7.619,7.613,7.607,7.526,7.518,7.524,7.546,7.527
1.090277778,7.551,7.544,7.605,7.685,7.915,8.053,7.501,7.484,7.481,7.508,7.499,7.584,7.597,7.753,7.759,7.527,7.5,7.687,7.739,7.619,7.619,7.613,7.606,7.526,7.517,7.524,7.546,7.527
1.091666667,7.551,7.543,7.606,7.684,7.914,8.053,7.501,7.484,7.481,7.509,7.499,7.584,7.597,7.753,7.758,7.527,7.499,7.687,7.739,7.619,7.619,7.612,7.606,7.526,7.517,7.525,7.546,7.527
1.093055556,7.551,7.543,7.605,7.683,7.915,8.052,7.501,7.484,7.481,7.508,7.5,7.583,7.596,7.753,7.757,7.527,7.499,7.687,7.739,7.619,7.619,7.612,7.606,7.526,7.517,7.525,7.546,7.527
1.094444444,7.55,7.544,7.605,7.683,7.915,8.052,7.501,7.484,7.481,7.508,7.5,7.583,7.596,7.752,7.757,7.527,7.499,7.687,7.739,7.618,7.618,7.611,7.606,7.526,7.517,7.524,7.546,7.527
1.095833333,7.55,7.543,7.605,7.683,7.915,8.052,7.501,7.484,7.481,7.508,7.5,7.583,7.596,7.752,7.757,7.527,7.499,7.686,7.739,7.617,7.618,7.611,7.606,7.526,7.517,7.524,7.546,7.527
1.097222222,7.549,7.542,7.605,7.683,7.915,8.052,7.501,7.484,7.481,7.508,7.499,7.583,7.595,7.753,7.757,7.527,7.498,7.686,7.739,7.617,7.618,7.611,7.606,7.525,7.517,7.524,7.545,7.527
1.098611111,7.549,7.542,7.605,7.683,7.914,8.052,7.5,7.484,7.481,7.509,7.498,7.583,7.595,7.752,7.757,7.527,7.498,7.686,7.739,7.618,7.617,7.611,7.605,7.525,7.517,7.524,7.545,7.527
1.1,7.549,7.542,7.604,7.682,7.914,8.052,7.5,7.484,7.481,7.509,7.498,7.583,7.595,7.752,7.757,7.527,7.498,7.686,7.739,7.618,7.617,7.611,7.605,7.525,7.517,7.524,7.545,7.527
1.101388889,7.549,7.542,7.603,7.682,7.914,8.052,7.5,7.484,7.481,7.508,7.498,7.583,7.595,7.752,7.757,7.526,7.498,7.686,7.739,7.618,7.618,7.611,7.605,7.525,7.517,7.524,7.545,7.527
1.102777778,7.549,7.542,7.603,7.682,7.914,8.05,7.5,7.484,7.481,7.508,7.498,7.583,7.595,7.752,7.756,7.527,7.498,7.686,7.738,7.617,7.618,7.611,7.605,7.524,7.516,7.523,7.545,7.527
1.104166667,7.549,7.542,7.603,7.682,7.913,8.05,7.5,7.484,7.48,7.508,7.498,7.582,7.595,7.751,7.756,7.526,7.497,7.686,7.738,7.617,7.617,7.611,7.605,7.525,7.517,7.523,7.545,7.527
1.105555556,7.549,7.542,7.603,7.682,7.912,8.05,7.5,7.484,7.48,7.508,7.498,7.582,7.594,7.751,7.755,7.527,7.497,7.686,7.738,7.617,7.617,7.611,7.605,7.525,7.517,7.523,7.545,7.527
1.106944444,7.548,7.542,7.603,7.681,7.913,8.05,7.5,7.484,7.481,7.508,7.498,7.583,7.594,7.752,7.756,7.527,7.497,7.686,7.737,7.617,7.617,7.611,7.605,7.524,7.516,7.523,7.545,7.527
1.108333333,7.548,7.542,7.603,7.681,7.913,8.05,7.5,7.484,7.48,7.508,7.497,7.582,7.594,7.751,7.756,7.527,7.497,7.685,7.737,7.617,7.616,7.611,7.604,7.524,7.516,7.522,7.545,7.527
1.109722222,7.548,7.541,7.603,7.681,7.914,8.05,7.5,7.483,7.48,7.508,7.497,7.582,7.594,7.751,7.756,7.526,7.497,7.685,7.737,7.616,7.617,7.611,7.604,7.524,7.516,7.522,7.545,7.527
1.111111111,7.548,7.54,7.603,7.681,7.913,8.05,7.499,7.483,7.479,7.508,7.498,7.581,7.593,7.751,7.755,7.525,7.496,7.685,7.737,7.616,7.616,7.61,7.604,7.524,7.516,7.522,7.544,7.527
1.1125,7.548,7.54,7.603,7.68,7.912,8.049,7.499,7.484,7.479,7.508,7.498,7.581,7.593,7.75,7.755,7.525,7.496,7.684,7.737,7.616,7.616,7.61,7.603,7.524,7.516,7.522,7.544,7.526
1.113888889,7.548,7.54,7.602,7.68,7.912,8.048,7.499,7.483,7.479,7.508,7.497,7.581,7.593,7.75,7.756,7.525,7.496,7.684,7.736,7.616,7.616,7.609,7.603,7.524,7.516,7.523,7.544,7.526
1.115277778,7.548,7.54,7.602,7.679,7.911,8.048,7.498,7.483,7.48,7.508,7.497,7.581,7.593,7.75,7.755,7.525,7.496,7.684,7.736,7.616,7.616,7.609,7.603,7.524,7.516,7.523,7.543,7.526
1.116666667,7.548,7.54,7.601,7.679,7.912,8.048,7.498,7.483,7.48,7.507,7.496,7.581,7.593,7.75,7.755,7.525,7.496,7.684,7.736,7.616,7.616,7.609,7.603,7.524,7.516,7.522,7.544,7.526
1.118055556,7.548,7.54,7.601,7.679,7.912,8.048,7.498,7.483,7.479,7.506,7.497,7.58,7.593,7.75,7.754,7.525,7.496,7.684,7.736,7.616,7.616,7.609,7.603,7.524,7.516,7.522,7.544,7.525
1.119444444,7.547,7.54,7.601,7.679,7.912,8.048,7.498,7.482,7.479,7.506,7.497,7.58,7.593,7.75,7.754,7.525,7.496,7.684,7.736,7.615,7.616,7.61,7.603,7.524,7.516,7.522,7.544,7.525
1.120833333,7.546,7.54,7.601,7.678,7.911,8.048,7.498,7.482,7.479,7.507,7.496,7.58,7.592,7.75,7.754,7.525,7.496,7.684,7.736,7.615,7.615,7.609,7.603,7.524,7.516,7.522,7.543,7.526
1.122222222,7.547,7.54,7.601,7.678,7.911,8.047,7.498,7.483,7.479,7.507,7.496,7.579,7.592,7.749,7.754,7.525,7.496,7.684,7.736,7.615,7.615,7.609,7.603,7.524,7.516,7.522,7.544,7.526
1.123611111,7.546,7.54,7.601,7.678,7.911,8.047,7.498,7.483,7.479,7.506,7.496,7.579,7.593,7.749,7.753,7.525,7.496,7.683,7.736,7.615,7.614,7.608,7.602,7.524,7.515,7.522,7.543,7.526
1.125,7.546,7.54,7.601,7.678,7.91,8.047,7.498,7.482,7.479,7.506,7.496,7.579,7.593,7.75,7.753,7.525,7.496,7.682,7.736,7.614,7.614,7.608,7.603,7.523,7.515,7.522,7.543,7.526
1.126388889,7.546,7.539,7.601,7.678,7.909,8.046,7.498,7.482,7.479,7.506,7.496,7.579,7.592,7.749,7.753,7.524,7.495,7.682,7.735,7.614,7.614,7.608,7.602,7.523,7.515,7.522,7.543,7.526
1.127777778,7.546,7.538,7.6,7.678,7.909,8.046,7.498,7.482,7.478,7.506,7.496,7.579,7.592,7.748,7.753,7.524,7.495,7.682,7.734,7.614,7.614,7.609,7.602,7.523,7.515,7.522,7.543,7.526
1.129166667,7.546,7.538,7.601,7.678,7.909,8.045,7.497,7.481,7.477,7.506,7.496,7.579,7.592,7.748,7.753,7.525,7.495,7.682,7.734,7.614,7.614,7.609,7.601,7.523,7.514,7.521,7.542,7.525
1.130555556,7.546,7.538,7.601,7.677,7.909,8.045,7.498,7.481,7.478,7.506,7.496,7.579,7.592,7.748,7.753,7.524,7.495,7.682,7.734,7.614,7.614,7.608,7.601,7.523,7.514,7.521,7.542,7.525
1.131944444,7.545,7.538,7.599,7.676,7.909,8.045,7.498,7.481,7.478,7.506,7.496,7.579,7.592,7.748,7.753,7.524,7.494,7.682,7.734,7.614,7.614,7.607,7.601,7.523,7.514,7.521,7.543,7.526
1.133333333,7.545,7.538,7.599,7.676,7.909,8.045,7.497,7.481,7.478,7.505,7.496,7.579,7.592,7.748,7.752,7.524,7.494,7.682,7.734,7.613,7.613,7.607,7.601,7.523,7.514,7.521,7.543,7.526
1.134722222,7.545,7.538,7.598,7.676,7.909,8.044,7.497,7.481,7.477,7.506,7.496,7.579,7.592,7.748,7.752,7.524,7.494,7.682,7.734,7.613,7.613,7.607,7.601,7.522,7.514,7.521,7.543,7.525
1.136111111,7.545,7.538,7.598,7.676,7.908,8.044,7.497,7.481,7.477,7.506,7.496,7.578,7.592,7.748,7.753,7.524,7.494,7.682,7.734,7.613,7.614,7.607,7.602,7.522,7.514,7.521,7.542,7.524
1.1375,7.544,7.538,7.598,7.676,7.907,8.044,7.497,7.481,7.477,7.506,7.496,7.577,7.591,7.748,7.752,7.524,7.494,7.682,7.733,7.613,7.614,7.607,7.601,7.522,7.514,7.521,7.542,7.525
1.138888889,7.544,7.537,7.599,7.676,7.908,8.043,7.497,7.481,7.477,7.506,7.495,7.577,7.591,7.748,7.752,7.524,7.494,7.681,7.733,7.613,7.614,7.607,7.6,7.522,7.514,7.521,7.542,7.524
1.140277778,7.544,7.537,7.599,7.676,7.908,8.043,7.497,7.481,7.477,7.506,7.495,7.577,7.59,7.747,7.751,7.523,7.494,7.682,7.734,7.612,7.613,7.607,7.6,7.522,7.514,7.521,7.542,7.524
1.141666667,7.544,7.537,7.598,7.676,7.907,8.043,7.497,7.481,7.477,7.505,7.495,7.577,7.59,7.747,7.751,7.523,7.494,7.682,7.734,7.612,7.613,7.607,7.6,7.522,7.514,7.521,7.542,7.524
1.143055556,7.544,7.537,7.598,7.675,7.907,8.043,7.497,7.481,7.477,7.505,7.495,7.577,7.59,7.747,7.751,7.522,7.493,7.681,7.733,7.612,7.612,7.607,7.6,7.522,7.514,7.52,7.542,7.524
1.144444444,7.544,7.537,7.598,7.674,7.906,8.042,7.497,7.481,7.477,7.504,7.495,7.577,7.59,7.747,7.751,7.522,7.493,7.681,7.732,7.612,7.612,7.606,7.6,7.521,7.514,7.52,7.542,7.524
1.145833333,7.544,7.537,7.598,7.674,7.906,8.042,7.497,7.481,7.477,7.504,7.495,7.576,7.59,7.746,7.751,7.522,7.493,7.681,7.732,7.612,7.612,7.606,7.6,7.521,7.513,7.521,7.541,7.524
1.147222222,7.544,7.537,7.598,7.674,7.907,8.042,7.497,7.481,7.477,7.505,7.495,7.576,7.59,7.746,7.75,7.522,7.493,7.681,7.732,7.612,7.612,7.607,7.6,7.521,7.513,7.521,7.541,7.524
1.148611111,7.544,7.537,7.598,7.674,7.907,8.041,7.496,7.481,7.477,7.505,7.495,7.576,7.59,7.746,7.75,7.522,7.493,7.681,7.732,7.612,7.612,7.607,7.6,7.521,7.514,7.521,7.541,7.524
1.15,7.544,7.537,7.597,7.674,7.906,8.041,7.496,7.481,7.477,7.505,7.495,7.576,7.59,7.746,7.751,7.522,7.493,7.681,7.732,7.612,7.612,7.607,7.599,7.521,7.513,7.52,7.541,7.524
1.151388889,7.544,7.537,7.596,7.674,7.906,8.041,7.496,7.48,7.477,7.504,7.495,7.576,7.589,7.746,7.751,7.522,7.493,7.681,7.732,7.611,7.612,7.606,7.598,7.521,7.513,7.519,7.542,7.524
1.152777778,7.543,7.536,7.597,7.674,7.905,8.041,7.496,7.479,7.477,7.504,7.495,7.576,7.588,7.746,7.75,7.522,7.493,7.68,7.732,7.611,7.611,7.605,7.598,7.521,7.513,7.519,7.541,7.524
1.154166667,7.543,7.535,7.597,7.673,7.904,8.041,7.495,7.479,7.477,7.504,7.494,7.576,7.588,7.746,7.751,7.522,7.493,7.679,7.732,7.611,7.611,7.605,7.598,7.521,7.512,7.52,7.541,7.524
1.155555556,7.542,7.535,7.596,7.673,7.904,8.04,7.495,7.48,7.477,7.505,7.494,7.576,7.588,7.746,7.751,7.522,7.493,7.679,7.731,7.611,7.611,7.605,7.598,7.521,7.512,7.519,7.541,7.524
1.156944444,7.542,7.535,7.596,7.673,7.905,8.04,7.495,7.48,7.476,7.505,7.494,7.576,7.588,7.745,7.75,7.522,7.492,7.679,7.731,7.611,7.611,7.605,7.598,7.52,7.512,7.519,7.541,7.524
1.158333333,7.542,7.535,7.596,7.672,7.904,8.04,7.495,7.479,7.476,7.504,7.494,7.575,7.588,7.745,7.749,7.522,7.491,7.679,7.731,7.611,7.611,7.605,7.598,7.52,7.512,7.519,7.54,7.524
1.159722222,7.542,7.535,7.596,7.672,7.904,8.04,7.495,7.479,7.476,7.504,7.494,7.574,7.588,7.745,7.749,7.522,7.492,7.679,7.731,7.611,7.611,7.605,7.598,7.52,7.512,7.519,7.54,7.523
1.161111111,7.542,7.535,7.596,7.671,7.904,8.039,7.495,7.479,7.476,7.504,7.493,7.574,7.588,7.745,7.75,7.522,7.492,7.679,7.73,7.611,7.611,7.605,7.598,7.52,7.512,7.519,7.54,7.522
1.1625,7.542,7.535,7.596,7.672,7.904,8.038,7.495,7.479,7.476,7.504,7.493,7.574,7.588,7.745,7.75,7.521,7.491,7.679,7.73,7.611,7.611,7.605,7.598,7.52,7.512,7.52,7.54,7.522
1.163888889,7.541,7.535,7.596,7.671,7.904,8.038,7.495,7.479,7.475,7.504,7.493,7.574,7.587,7.745,7.749,7.521,7.491,7.679,7.73,7.61,7.61,7.605,7.598,7.52,7.512,7.519,7.54,7.522
1.165277778,7.541,7.535,7.595,7.671,7.903,8.038,7.495,7.479,7.475,7.504,7.493,7.574,7.587,7.745,7.748,7.521,7.491,7.679,7.73,7.61,7.61,7.605,7.597,7.519,7.512,7.519,7.54,7.522
1.166666667,7.541,7.534,7.595,7.671,7.903,8.038,7.494,7.479,7.476,7.503,7.493,7.574,7.587,7.745,7.748,7.52,7.491,7.679,7.73,7.61,7.61,7.604,7.597,7.519,7.512,7.519,7.54,7.522
1.168055556,7.541,7.534,7.595,7.671,7.903,8.038,7.494,7.479,7.476,7.503,7.493,7.574,7.587,7.745,7.748,7.52,7.491,7.679,7.73,7.609,7.609,7.604,7.597,7.519,7.512,7.519,7.54,7.522
1.169444444,7.541,7.534,7.595,7.671,7.903,8.037,7.495,7.479,7.476,7.503,7.493,7.574,7.587,7.745,7.748,7.52,7.491,7.679,7.73,7.609,7.609,7.604,7.597,7.519,7.512,7.519,7.54,7.522
1.170833333,7.541,7.534,7.595,7.67,7.903,8.037,7.495,7.479,7.476,7.503,7.493,7.574,7.587,7.745,7.748,7.52,7.491,7.678,7.73,7.609,7.609,7.604,7.597,7.519,7.512,7.518,7.54,7.522
1.172222222,7.541,7.533,7.594,7.669,7.902,8.036,7.495,7.478,7.476,7.503,7.493,7.574,7.587,7.744,7.748,7.52,7.491,7.677,7.73,7.609,7.609,7.604,7.597,7.519,7.512,7.518,7.539,7.522
1.173611111,7.541,7.533,7.594,7.669,7.902,8.036,7.494,7.478,7.475,7.503,7.493,7.573,7.587,7.743,7.748,7.52,7.491,7.677,7.729,7.609,7.609,7.604,7.597,7.519,7.512,7.517,7.539,7.522
1.175,7.541,7.533,7.594,7.669,7.902,8.036,7.494,7.479,7.475,7.502,7.493,7.572,7.587,7.743,7.748,7.52,7.491,7.677,7.729,7.609,7.609,7.603,7.597,7.519,7.512,7.517,7.54,7.522
1.176388889,7.541,7.533,7.593,7.669,7.902,8.036,7.494,7.479,7.475,7.502,7.492,7.572,7.587,7.743,7.748,7.52,7.491,7.677,7.729,7.608,7.609,7.604,7.596,7.519,7.512,7.517,7.54,7.522
1.177777778,7.541,7.533,7.593,7.669,7.901,8.036,7.494,7.479,7.474,7.502,7.492,7.573,7.586,7.743,7.747,7.52,7.491,7.677,7.729,7.608,7.609,7.603,7.595,7.519,7.511,7.517,7.54,7.522
1.179166667,7.541,7.533,7.593,7.669,7.901,8.035,7.493,7.478,7.475,7.503,7.492,7.573,7.586,7.742,7.747,7.519,7.491,7.677,7.729,7.608,7.608,7.603,7.595,7.519,7.511,7.517,7.539,7.522
1.180555556,7.539,7.533,7.593,7.669,7.9,8.035,7.493,7.478,7.475,7.503,7.492,7.572,7.586,7.741,7.747,7.52,7.49,7.677,7.729,7.607,7.608,7.603,7.595,7.519,7.511,7.517,7.538,7.521
1.181944444,7.539,7.533,7.593,7.668,7.9,8.035,7.493,7.478,7.475,7.503,7.492,7.572,7.586,7.741,7.747,7.519,7.489,7.677,7.729,7.607,7.607,7.603,7.595,7.518,7.511,7.517,7.538,7.521
1.183333333,7.54,7.533,7.593,7.668,7.9,8.035,7.493,7.478,7.474,7.502,7.492,7.572,7.586,7.742,7.747,7.519,7.489,7.676,7.729,7.607,7.608,7.602,7.595,7.517,7.511,7.517,7.539,7.521
1.184722222,7.54,7.532,7.593,7.668,7.9,8.034,7.493,7.478,7.474,7.502,7.492,7.572,7.585,7.742,7.747,7.519,7.49,7.676,7.729,7.607,7.608,7.603,7.595,7.517,7.511,7.517,7.538,7.521
1.186111111,7.539,7.532,7.593,7.668,7.9,8.033,7.493,7.478,7.474,7.502,7.492,7.572,7.585,7.742,7.747,7.519,7.49,7.676,7.729,7.607,7.608,7.603,7.595,7.517,7.511,7.517,7.538,7.52
1.1875,7.539,7.532,7.592,7.668,7.899,8.033,7.493,7.478,7.474,7.502,7.491,7.572,7.585,7.742,7.747,7.519,7.489,7.676,7.728,7.607,7.607,7.602,7.595,7.517,7.511,7.517,7.538,7.52
1.188888889,7.539,7.532,7.591,7.668,7.899,8.033,7.493,7.478,7.474,7.501,7.491,7.571,7.585,7.741,7.746,7.518,7.49,7.676,7.728,7.606,7.607,7.602,7.595,7.518,7.511,7.517,7.539,7.52
1.190277778,7.539,7.532,7.591,7.668,7.898,8.033,7.493,7.478,7.474,7.501,7.491,7.571,7.585,7.741,7.746,7.518,7.49,7.676,7.728,7.607,7.607,7.602,7.595,7.518,7.511,7.517,7.539,7.52
1.191666667,7.539,7.532,7.592,7.668,7.899,8.033,7.493,7.478,7.474,7.501,7.491,7.571,7.585,7.741,7.747,7.518,7.489,7.676,7.727,7.607,7.607,7.602,7.595,7.517,7.511,7.516,7.538,7.52
1.193055556,7.539,7.531,7.591,7.667,7.899,8.032,7.493,7.477,7.473,7.501,7.491,7.571,7.585,7.741,7.746,7.518,7.489,7.676,7.727,7.607,7.607,7.602,7.594,7.517,7.511,7.517,7.538,7.52
1.194444444,7.539,7.531,7.591,7.666,7.899,8.032,7.493,7.477,7.473,7.501,7.491,7.571,7.585,7.741,7.745,7.518,7.488,7.676,7.728,7.607,7.606,7.602,7.594,7.517,7.511,7.517,7.538,7.52
1.195833333,7.538,7.532,7.592,7.666,7.899,8.032,7.492,7.477,7.473,7.501,7.491,7.57,7.585,7.741,7.745,7.518,7.489,7.676,7.728,7.606,7.606,7.602,7.594,7.517,7.511,7.516,7.538,7.52
1.197222222,7.538,7.532,7.591,7.666,7.898,8.031,7.491,7.477,7.472,7.501,7.491,7.569,7.584,7.741,7.745,7.518,7.488,7.676,7.727,7.606,7.606,7.601,7.594,7.517,7.511,7.516,7.538,7.52
1.198611111,7.538,7.531,7.591,7.666,7.897,8.031,7.492,7.478,7.472,7.501,7.491,7.57,7.583,7.741,7.745,7.518,7.488,7.675,7.727,7.606,7.606,7.6,7.594,7.517,7.511,7.516,7.538,7.52
1.2,7.537,7.531,7.591,7.666,7.898,8.03,7.492,7.477,7.473,7.501,7.491,7.571,7.583,7.741,7.745,7.518,7.488,7.674,7.726,7.606,7.606,7.6,7.593,7.517,7.51,7.516,7.538,7.52
1.201388889,7.537,7.531,7.591,7.666,7.897,8.03,7.492,7.477,7.473,7.501,7.491,7.57,7.583,7.74,7.744,7.518,7.488,7.674,7.725,7.606,7.606,7.6,7.593,7.517,7.509,7.516,7.538,7.52
1.202777778,7.537,7.53,7.591,7.666,7.897,8.03,7.492,7.476,7.473,7.501,7.491,7.57,7.583,7.739,7.744,7.518,7.488,7.674,7.725,7.606,7.606,7.6,7.593,7.516,7.509,7.516,7.538,7.52
1.204166667,7.537,7.53,7.59,7.666,7.896,8.03,7.491,7.476,7.472,7.5,7.49,7.57,7.583,7.739,7.745,7.518,7.488,7.674,7.725,7.605,7.606,7.6,7.593,7.516,7.509,7.516,7.537,7.52
1.205555556,7.537,7.53,7.59,7.665,7.896,8.029,7.492,7.476,7.472,7.501,7.49,7.57,7.583,7.739,7.745,7.518,7.488,7.674,7.725,7.605,7.606,7.6,7.593,7.516,7.509,7.516,7.537,7.52
1.206944444,7.537,7.53,7.589,7.664,7.896,8.029,7.492,7.476,7.472,7.5,7.49,7.569,7.583,7.739,7.744,7.518,7.488,7.674,7.725,7.605,7.606,7.6,7.592,7.516,7.509,7.516,7.538,7.519
1.208333333,7.537,7.53,7.589,7.664,7.896,8.028,7.491,7.476,7.472,7.5,7.491,7.569,7.583,7.74,7.744,7.517,7.488,7.674,7.725,7.605,7.606,7.6,7.592,7.516,7.509,7.516,7.537,7.519
1.209722222,7.537,7.53,7.589,7.664,7.896,8.028,7.491,7.476,7.472,7.501,7.49,7.569,7.583,7.74,7.744,7.517,7.488,7.674,7.725,7.605,7.606,7.6,7.591,7.516,7.509,7.516,7.537,7.52
1.211111111,7.537,7.53,7.589,7.664,7.896,8.028,7.491,7.476,7.472,7.5,7.489,7.569,7.582,7.739,7.744,7.517,7.487,7.674,7.725,7.604,7.605,7.6,7.591,7.516,7.509,7.516,7.537,7.519
1.2125,7.537,7.53,7.589,7.664,7.895,8.028,7.491,7.476,7.472,7.5,7.489,7.569,7.582,7.739,7.743,7.517,7.487,7.674,7.725,7.604,7.604,7.6,7.591,7.516,7.509,7.516,7.536,7.519
1.213888889,7.536,7.53,7.589,7.664,7.895,8.028,7.491,7.476,7.472,7.5,7.489,7.568,7.581,7.739,7.743,7.517,7.487,7.673,7.725,7.604,7.604,7.6,7.592,7.516,7.509,7.516,7.536,7.519
1.215277778,7.536,7.53,7.588,7.663,7.894,8.027,7.491,7.476,7.472,7.5,7.489,7.568,7.581,7.739,7.743,7.517,7.487,7.673,7.725,7.604,7.604,7.599,7.592,7.516,7.509,7.516,7.536,7.519
1.216666667,7.536,7.529,7.588,7.663,7.894,8.027,7.491,7.476,7.472,7.5,7.489,7.568,7.581,7.738,7.743,7.516,7.486,7.673,7.724,7.604,7.604,7.599,7.591,7.516,7.509,7.515,7.536,7.519
1.218055556,7.536,7.529,7.588,7.663,7.894,8.026,7.49,7.476,7.472,7.5,7.489,7.568,7.581,7.738,7.743,7.516,7.486,7.672,7.724,7.604,7.604,7.599,7.591,7.515,7.509,7.514,7.536,7.519
1.219444444,7.536,7.528,7.588,7.662,7.894,8.026,7.491,7.476,7.472,7.5,7.489,7.567,7.581,7.738,7.743,7.517,7.486,7.672,7.724,7.604,7.604,7.599,7.591,7.515,7.509,7.515,7.536,7.519
1.220833333,7.536,7.528,7.588,7.662,7.894,8.026,7.491,7.476,7.472,7.5,7.489,7.567,7.581,7.738,7.743,7.517,7.486,7.672,7.724,7.604,7.604,7.599,7.591,7.514,7.509,7.515,7.537,7.519
1.222222222,7.536,7.528,7.588,7.662,7.894,8.025,7.49,7.476,7.472,7.5,7.489,7.567,7.581,7.738,7.742,7.517,7.486,7.672,7.724,7.604,7.604,7.599,7.591,7.514,7.508,7.515,7.536,7.519
1.223611111,7.536,7.528,7.588,7.662,7.893,8.025,7.49,7.476,7.472,7.5,7.488,7.567,7.581,7.738,7.742,7.517,7.486,7.672,7.724,7.603,7.604,7.599,7.591,7.514,7.508,7.515,7.536,7.519
1.225,7.535,7.528,7.587,7.662,7.893,8.025,7.49,7.476,7.472,7.5,7.488,7.567,7.581,7.738,7.742,7.516,7.486,7.672,7.724,7.603,7.604,7.599,7.59,7.514,7.508,7.515,7.536,7.518
1.226388889,7.534,7.528,7.587,7.662,7.893,8.024,7.49,7.475,7.471,7.5,7.489,7.567,7.58,7.738,7.742,7.515,7.486,7.672,7.723,7.603,7.603,7.599,7.59,7.514,7.508,7.515,7.536,7.518
1.227777778,7.535,7.528,7.587,7.662,7.893,8.024,7.49,7.475,7.471,7.499,7.489,7.567,7.58,7.737,7.742,7.515,7.485,7.672,7.722,7.603,7.602,7.599,7.59,7.514,7.509,7.514,7.536,7.518
1.229166667,7.535,7.528,7.587,7.661,7.892,8.024,7.49,7.475,7.471,7.499,7.489,7.567,7.58,7.736,7.741,7.515,7.485,7.671,7.722,7.603,7.603,7.598,7.59,7.514,7.508,7.514,7.536,7.518
1.230555556,7.534,7.528,7.586,7.661,7.892,8.023,7.49,7.475,7.471,7.499,7.489,7.567,7.58,7.736,7.741,7.515,7.485,7.671,7.722,7.603,7.603,7.598,7.59,7.514,7.508,7.514,7.536,7.518
1.231944444,7.534,7.528,7.586,7.661,7.892,8.023,7.49,7.475,7.471,7.498,7.488,7.566,7.58,7.736,7.741,7.515,7.485,7.671,7.722,7.602,7.602,7.599,7.59,7.514,7.508,7.514,7.535,7.518
1.233333333,7.534,7.528,7.586,7.661,7.892,8.023,7.49,7.474,7.471,7.499,7.488,7.566,7.58,7.736,7.741,7.515,7.484,7.671,7.723,7.602,7.602,7.598,7.59,7.514,7.508,7.514,7.535,7.518
1.234722222,7.534,7.527,7.586,7.661,7.892,8.022,7.49,7.474,7.471,7.499,7.488,7.566,7.58,7.736,7.741,7.515,7.484,7.671,7.723,7.602,7.602,7.598,7.59,7.514,7.507,7.514,7.536,7.518
1.236111111,7.534,7.527,7.586,7.661,7.892,8.022,7.49,7.474,7.471,7.498,7.488,7.565,7.58,7.736,7.741,7.515,7.484,7.67,7.722,7.602,7.602,7.598,7.59,7.514,7.507,7.514,7.535,7.518
1.2375,7.534,7.527,7.586,7.66,7.892,8.021,7.49,7.474,7.471,7.498,7.488,7.565,7.58,7.736,7.741,7.515,7.484,7.67,7.722,7.602,7.602,7.597,7.588,7.514,7.507,7.514,7.534,7.517
1.238888889,7.534,7.527,7.586,7.659,7.891,8.022,7.49,7.474,7.471,7.498,7.488,7.565,7.58,7.736,7.741,7.515,7.484,7.67,7.722,7.602,7.602,7.597,7.588,7.514,7.507,7.514,7.534,7.517
1.240277778,7.533,7.527,7.586,7.66,7.891,8.022,7.49,7.474,7.471,7.498,7.488,7.565,7.579,7.736,7.74,7.515,7.484,7.67,7.722,7.602,7.601,7.597,7.588,7.514,7.507,7.514,7.534,7.517
1.241666667,7.533,7.527,7.585,7.66,7.89,8.021,7.49,7.474,7.47,7.498,7.488,7.565,7.578,7.736,7.74,7.515,7.484,7.67,7.721,7.601,7.601,7.597,7.588,7.514,7.507,7.514,7.534,7.517
1.243055556,7.532,7.527,7.585,7.659,7.89,8.021,7.489,7.474,7.47,7.498,7.488,7.565,7.579,7.736,7.741,7.514,7.484,7.67,7.721,7.601,7.601,7.597,7.588,7.514,7.507,7.514,7.534,7.517
1.244444444,7.533,7.527,7.585,7.659,7.89,8.02,7.489,7.474,7.47,7.498,7.487,7.565,7.579,7.736,7.74,7.513,7.484,7.67,7.721,7.6,7.601,7.597,7.588,7.513,7.507,7.514,7.534,7.517
1.245833333,7.533,7.527,7.584,7.658,7.89,8.02,7.489,7.474,7.469,7.498,7.487,7.564,7.578,7.736,7.74,7.514,7.484,7.67,7.722,7.6,7.602,7.597,7.588,7.513,7.507,7.513,7.534,7.517
1.247222222,7.532,7.526,7.584,7.657,7.89,8.02,7.488,7.474,7.469,7.498,7.488,7.564,7.578,7.735,7.739,7.514,7.484,7.669,7.721,7.6,7.602,7.597,7.588,7.513,7.507,7.512,7.534,7.517
1.248611111,7.532,7.525,7.584,7.657,7.889,8.02,7.488,7.474,7.47,7.498,7.488,7.564,7.578,7.735,7.739,7.513,7.484,7.669,7.72,7.6,7.601,7.597,7.588,7.512,7.507,7.513,7.534,7.517
1.25,7.532,7.525,7.584,7.657,7.889,8.019,7.488,7.473,7.47,7.498,7.488,7.564,7.578,7.734,7.739,7.513,7.484,7.669,7.72,7.6,7.6,7.597,7.588,7.512,7.507,7.513,7.534,7.517
1.251388889,7.532,7.525,7.584,7.657,7.889,8.018,7.489,7.472,7.47,7.498,7.487,7.564,7.578,7.735,7.739,7.513,7.484,7.669,7.72,7.6,7.6,7.597,7.588,7.513,7.507,7.512,7.534,7.517
1.252777778,7.532,7.525,7.584,7.657,7.889,8.018,7.488,7.473,7.469,7.498,7.486,7.564,7.578,7.735,7.74,7.513,7.484,7.669,7.72,7.6,7.601,7.597,7.587,7.513,7.507,7.512,7.534,7.517
1.254166667,7.532,7.525,7.584,7.657,7.889,8.018,7.488,7.473,7.469,7.498,7.486,7.564,7.578,7.734,7.74,7.513,7.483,7.669,7.72,7.6,7.6,7.596,7.587,7.513,7.506,7.512,7.534,7.517
1.255555556,7.532,7.525,7.584,7.657,7.888,8.018,7.488,7.473,7.469,7.498,7.486,7.564,7.578,7.734,7.739,7.513,7.483,7.669,7.72,7.6,7.599,7.596,7.586,7.512,7.507,7.512,7.534,7.517
1.256944444,7.532,7.525,7.584,7.657,7.888,8.017,7.487,7.473,7.469,7.497,7.486,7.564,7.577,7.734,7.739,7.513,7.483,7.669,7.72,7.6,7.599,7.596,7.586,7.512,7.506,7.512,7.533,7.517
1.258333333,7.531,7.525,7.583,7.657,7.888,8.017,7.487,7.473,7.469,7.497,7.486,7.564,7.578,7.734,7.738,7.513,7.482,7.669,7.72,7.6,7.6,7.596,7.586,7.512,7.506,7.512,7.533,7.517
1.259722222,7.531,7.525,7.583,7.657,7.888,8.017,7.488,7.472,7.469,7.498,7.486,7.564,7.577,7.734,7.738,7.513,7.482,7.669,7.719,7.6,7.599,7.595,7.586,7.512,7.506,7.512,7.533,7.517
1.261111111,7.531,7.525,7.583,7.656,7.887,8.016,7.488,7.472,7.469,7.497,7.486,7.564,7.576,7.733,7.738,7.512,7.482,7.668,7.719,7.599,7.599,7.595,7.586,7.512,7.506,7.512,7.534,7.516
1.2625,7.531,7.524,7.583,7.656,7.887,8.016,7.488,7.472,7.469,7.496,7.486,7.563,7.576,7.733,7.738,7.513,7.483,7.668,7.72,7.599,7.599,7.595,7.586,7.512,7.506,7.512,7.534,7.515
1.263888889,7.531,7.524,7.583,7.656,7.887,8.016,7.488,7.473,7.469,7.496,7.486,7.563,7.576,7.733,7.738,7.513,7.483,7.668,7.72,7.599,7.599,7.595,7.586,7.512,7.505,7.512,7.533,7.516
1.265277778,7.531,7.525,7.583,7.656,7.887,8.016,7.488,7.473,7.469,7.496,7.486,7.563,7.576,7.733,7.738,7.513,7.482,7.667,7.719,7.599,7.599,7.595,7.586,7.512,7.505,7.512,7.534,7.517
1.266666667,7.531,7.524,7.583,7.656,7.886,8.016,7.487,7.472,7.469,7.496,7.486,7.563,7.576,7.733,7.738,7.512,7.482,7.667,7.719,7.599,7.599,7.595,7.586,7.512,7.505,7.512,7.533,7.517
1.268055556,7.531,7.523,7.583,7.656,7.886,8.015,7.487,7.472,7.468,7.496,7.486,7.562,7.576,7.733,7.738,7.512,7.482,7.667,7.718,7.599,7.599,7.595,7.585,7.512,7.505,7.512,7.533,7.516
1.269444444,7.531,7.523,7.583,7.656,7.886,8.014,7.487,7.472,7.467,7.496,7.486,7.562,7.576,7.733,7.738,7.513,7.482,7.667,7.718,7.599,7.599,7.595,7.585,7.512,7.505,7.511,7.533,7.515
1.270833333,7.53,7.523,7.582,7.655,7.886,8.014,7.487,7.472,7.467,7.496,7.486,7.562,7.576,7.733,7.737,7.512,7.482,7.667,7.718,7.599,7.599,7.595,7.586,7.512,7.505,7.512,7.533,7.515
1.272222222,7.53,7.523,7.581,7.655,7.886,8.013,7.487,7.472,7.468,7.496,7.486,7.562,7.576,7.733,7.737,7.512,7.482,7.667,7.717,7.599,7.599,7.595,7.585,7.511,7.505,7.512,7.532,7.515
1.273611111,7.529,7.523,7.582,7.655,7.885,8.013,7.487,7.472,7.468,7.496,7.486,7.562,7.576,7.733,7.738,7.512,7.481,7.667,7.718,7.599,7.599,7.594,7.585,7.511,7.505,7.511,7.532,7.515
1.275,7.529,7.523,7.582,7.655,7.885,8.013,7.487,7.472,7.468,7.496,7.486,7.562,7.575,7.733,7.737,7.512,7.481,7.666,7.718,7.599,7.598,7.594,7.585,7.511,7.505,7.511,7.532,7.515
1.276388889,7.529,7.523,7.582,7.654,7.885,8.013,7.487,7.472,7.468,7.496,7.485,7.561,7.575,7.732,7.736,7.512,7.481,7.665,7.718,7.598,7.597,7.595,7.586,7.511,7.505,7.511,7.533,7.515
1.277777778,7.529,7.523,7.581,7.654,7.885,8.013,7.487,7.471,7.467,7.496,7.484,7.562,7.575,7.732,7.736,7.512,7.481,7.665,7.718,7.597,7.598,7.594,7.585,7.511,7.505,7.511,7.533,7.515
1.279166667,7.529,7.523,7.581,7.654,7.884,8.012,7.487,7.472,7.467,7.496,7.485,7.562,7.575,7.732,7.736,7.511,7.481,7.666,7.717,7.598,7.597,7.594,7.585,7.511,7.505,7.511,7.533,7.515
1.280555556,7.529,7.523,7.581,7.654,7.884,8.012,7.486,7.471,7.467,7.495,7.485,7.561,7.575,7.732,7.736,7.511,7.481,7.666,7.717,7.598,7.597,7.594,7.585,7.511,7.505,7.511,7.532,7.515
1.281944444,7.529,7.522,7.581,7.653,7.883,8.011,7.486,7.471,7.467,7.495,7.485,7.56,7.575,7.731,7.736,7.512,7.481,7.666,7.717,7.597,7.597,7.594,7.585,7.511,7.505,7.511,7.532,7.515
1.283333333,7.529,7.522,7.581,7.652,7.883,8.011,7.486,7.471,7.467,7.496,7.485,7.56,7.575,7.731,7.736,7.512,7.481,7.666,7.718,7.597,7.597,7.594,7.585,7.511,7.505,7.511,7.532,7.515
1.284722222,7.529,7.522,7.58,7.653,7.883,8.011,7.486,7.471,7.467,7.495,7.485,7.56,7.575,7.731,7.736,7.511,7.48,7.665,7.718,7.597,7.597,7.594,7.584,7.511,7.505,7.511,7.533,7.515
1.286111111,7.529,7.522,7.579,7.653,7.883,8.011,7.486,7.471,7.467,7.496,7.484,7.56,7.575,7.731,7.736,7.51,7.48,7.665,7.717,7.597,7.597,7.594,7.584,7.51,7.505,7.51,7.532,7.515
1.2875,7.529,7.522,7.579,7.652,7.883,8.011,7.486,7.471,7.467,7.496,7.484,7.56,7.574,7.73,7.736,7.51,7.48,7.665,7.717,7.597,7.597,7.593,7.583,7.51,7.504,7.511,7.532,7.515
1.288888889,7.529,7.522,7.579,7.652,7.883,8.01,7.486,7.471,7.467,7.496,7.484,7.56,7.573,7.73,7.736,7.51,7.48,7.665,7.717,7.597,7.597,7.593,7.583,7.509,7.504,7.511,7.531,7.515
1.290277778,7.529,7.522,7.579,7.652,7.883,8.009,7.486,7.47,7.467,7.496,7.484,7.56,7.573,7.731,7.735,7.511,7.48,7.665,7.717,7.597,7.597,7.593,7.583,7.509,7.504,7.511,7.532,7.514
1.291666667,7.529,7.522,7.579,7.652,7.883,8.009,7.485,7.471,7.467,7.495,7.484,7.559,7.573,7.731,7.735,7.51,7.479,7.665,7.717,7.597,7.597,7.592,7.583,7.509,7.504,7.511,7.532,7.514
1.293055556,7.528,7.522,7.579,7.652,7.883,8.009,7.485,7.472,7.467,7.495,7.484,7.559,7.574,7.73,7.734,7.51,7.479,7.665,7.716,7.597,7.596,7.592,7.583,7.51,7.504,7.51,7.531,7.514
1.294444444,7.528,7.522,7.579,7.651,7.883,8.008,7.485,7.471,7.467,7.495,7.484,7.56,7.573,7.73,7.734,7.51,7.479,7.665,7.716,7.597,7.595,7.592,7.583,7.51,7.504,7.51,7.531,7.514
1.295833333,7.528,7.522,7.579,7.651,7.882,8.008,7.485,7.471,7.467,7.495,7.484,7.559,7.573,7.73,7.734,7.51,7.479,7.664,7.716,7.597,7.595,7.592,7.583,7.51,7.504,7.51,7.531,7.514
1.297222222,7.528,7.522,7.579,7.651,7.881,8.008,7.485,7.471,7.466,7.495,7.484,7.559,7.573,7.73,7.734,7.51,7.479,7.664,7.715,7.596,7.595,7.592,7.583,7.51,7.504,7.51,7.531,7.514
1.298611111,7.527,7.521,7.579,7.651,7.881,8.008,7.485,7.471,7.465,7.495,7.484,7.559,7.573,7.729,7.734,7.51,7.479,7.664,7.715,7.595,7.595,7.592,7.583,7.51,7.504,7.509,7.531,7.514
1.3,7.527,7.52,7.578,7.651,7.881,8.007,7.485,7.471,7.466,7.495,7.484,7.559,7.573,7.729,7.734,7.51,7.479,7.664,7.715,7.595,7.595,7.592,7.583,7.509,7.504,7.509,7.531,7.514
1.301388889,7.527,7.52,7.578,7.651,7.88,8.006,7.485,7.471,7.466,7.495,7.483,7.558,7.573,7.729,7.734,7.51,7.479,7.664,7.715,7.596,7.595,7.592,7.583,7.509,7.504,7.509,7.531,7.514
1.302777778,7.527,7.52,7.578,7.651,7.88,8.006,7.485,7.47,7.466,7.494,7.483,7.558,7.573,7.729,7.734,7.51,7.479,7.664,7.715,7.596,7.595,7.592,7.582,7.509,7.504,7.509,7.531,7.514
1.304166667,7.527,7.52,7.578,7.651,7.88,8.006,7.485,7.47,7.465,7.494,7.483,7.558,7.573,7.729,7.733,7.51,7.479,7.664,7.715,7.595,7.595,7.592,7.581,7.509,7.504,7.509,7.531,7.514
1.305555556,7.527,7.52,7.578,7.65,7.88,8.006,7.485,7.471,7.465,7.495,7.484,7.558,7.573,7.729,7.733,7.51,7.478,7.664,7.715,7.595,7.595,7.591,7.581,7.509,7.504,7.509,7.531,7.514
1.306944444,7.527,7.52,7.578,7.649,7.88,8.006,7.485,7.471,7.465,7.495,7.484,7.558,7.573,7.729,7.733,7.509,7.478,7.664,7.715,7.595,7.595,7.591,7.582,7.509,7.503,7.509,7.531,7.514
1.308333333,7.527,7.52,7.578,7.65,7.88,8.005,7.485,7.47,7.466,7.495,7.483,7.558,7.572,7.729,7.733,7.509,7.478,7.664,7.715,7.595,7.595,7.591,7.582,7.509,7.503,7.509,7.53,7.514
1.309722222,7.527,7.52,7.578,7.649,7.88,8.004,7.485,7.469,7.465,7.494,7.483,7.558,7.572,7.729,7.733,7.509,7.478,7.664,7.714,7.595,7.594,7.591,7.581,7.508,7.504,7.509,7.53,7.514
1.311111111,7.527,7.52,7.578,7.649,7.88,8.004,7.485,7.47,7.466,7.495,7.483,7.557,7.572,7.729,7.733,7.509,7.477,7.664,7.714,7.595,7.595,7.59,7.581,7.508,7.503,7.509,7.529,7.514
1.3125,7.526,7.52,7.577,7.649,7.88,8.004,7.485,7.469,7.466,7.494,7.483,7.558,7.571,7.729,7.733,7.508,7.477,7.663,7.713,7.595,7.595,7.591,7.581,7.508,7.503,7.509,7.53,7.514
1.313888889,7.525,7.52,7.577,7.649,7.879,8.003,7.484,7.469,7.465,7.493,7.483,7.557,7.571,7.728,7.733,7.508,7.477,7.663,7.713,7.595,7.594,7.591,7.581,7.509,7.503,7.509,7.53,7.514
1.315277778,7.525,7.519,7.577,7.649,7.878,8.003,7.484,7.469,7.465,7.493,7.483,7.557,7.571,7.728,7.733,7.508,7.477,7.663,7.713,7.595,7.594,7.59,7.581,7.509,7.503,7.509,7.529,7.513
1.316666667,7.525,7.519,7.576,7.649,7.878,8.002,7.484,7.47,7.465,7.493,7.483,7.557,7.571,7.729,7.733,7.508,7.477,7.662,7.713,7.594,7.594,7.59,7.58,7.509,7.502,7.509,7.529,7.513
1.318055556,7.525,7.52,7.576,7.649,7.878,8.002,7.484,7.47,7.465,7.494,7.483,7.556,7.571,7.728,7.733,7.508,7.477,7.662,7.713,7.594,7.594,7.59,7.58,7.509,7.503,7.509,7.529,7.513
1.319444444,7.525,7.519,7.576,7.648,7.878,8.002,7.484,7.469,7.465,7.493,7.483,7.556,7.571,7.728,7.733,7.508,7.477,7.662,7.713,7.594,7.594,7.59,7.58,7.509,7.503,7.509,7.529,7.513
1.320833333,7.525,7.518,7.576,7.647,7.878,8.002,7.484,7.469,7.465,7.493,7.483,7.557,7.571,7.727,7.733,7.508,7.477,7.662,7.713,7.594,7.593,7.59,7.58,7.509,7.503,7.508,7.529,7.513
1.322222222,7.525,7.518,7.576,7.647,7.878,8.002,7.484,7.469,7.465,7.494,7.483,7.557,7.571,7.727,7.733,7.508,7.477,7.662,7.713,7.594,7.593,7.59,7.581,7.508,7.502,7.508,7.529,7.513
1.323611111,7.525,7.518,7.576,7.647,7.878,8.001,7.484,7.469,7.464,7.494,7.483,7.557,7.571,7.727,7.732,7.508,7.477,7.662,7.713,7.594,7.593,7.59,7.58,7.507,7.502,7.508,7.529,7.513
1.325,7.525,7.518,7.576,7.647,7.877,8.001,7.483,7.469,7.464,7.493,7.483,7.557,7.571,7.727,7.731,7.508,7.477,7.662,7.712,7.593,7.592,7.591,7.58,7.507,7.502,7.507,7.529,7.512
1.326388889,7.525,7.518,7.576,7.647,7.877,8.001,7.483,7.469,7.464,7.493,7.483,7.557,7.571,7.727,7.732,7.508,7.477,7.662,7.712,7.593,7.592,7.59,7.58,7.507,7.502,7.508,7.529,7.512
1.327777778,7.524,7.518,7.575,7.647,7.877,8,7.483,7.469,7.464,7.493,7.483,7.557,7.571,7.727,7.732,7.508,7.477,7.662,7.712,7.593,7.593,7.59,7.58,7.507,7.502,7.508,7.529,7.513
1.329166667,7.524,7.518,7.574,7.647,7.877,7.999,7.483,7.469,7.464,7.493,7.482,7.556,7.57,7.727,7.731,7.508,7.476,7.662,7.712,7.593,7.593,7.589,7.58,7.507,7.502,7.507,7.529,7.512
1.330555556,7.524,7.518,7.574,7.646,7.877,7.999,7.483,7.469,7.464,7.493,7.481,7.555,7.569,7.727,7.731,7.508,7.477,7.661,7.712,7.593,7.592,7.589,7.58,7.507,7.502,7.508,7.529,7.512
1.331944444,7.524,7.518,7.575,7.646,7.877,7.999,7.483,7.469,7.464,7.493,7.481,7.556,7.569,7.726,7.731,7.508,7.476,7.661,7.712,7.593,7.592,7.588,7.579,7.507,7.502,7.507,7.529,7.512
1.333333333,7.524,7.518,7.575,7.646,7.876,7.999,7.483,7.469,7.464,7.493,7.481,7.556,7.569,7.726,7.731,7.507,7.476,7.66,7.712,7.592,7.592,7.588,7.578,7.507,7.502,7.507,7.528,7.512
1.334722222,7.524,7.518,7.574,7.645,7.875,7.998,7.483,7.468,7.464,7.493,7.481,7.555,7.569,7.726,7.731,7.508,7.476,7.661,7.712,7.592,7.592,7.589,7.578,7.507,7.502,7.507,7.529,7.512
1.336111111,7.524,7.518,7.574,7.645,7.875,7.997,7.483,7.468,7.464,7.492,7.481,7.555,7.569,7.726,7.731,7.508,7.476,7.661,7.712,7.592,7.592,7.589,7.578,7.507,7.502,7.507,7.528,7.512
1.3375,7.524,7.518,7.574,7.645,7.875,7.997,7.483,7.468,7.464,7.492,7.482,7.555,7.569,7.726,7.73,7.508,7.476,7.661,7.712,7.592,7.592,7.588,7.578,7.507,7.502,7.508,7.528,7.512
1.338888889,7.524,7.518,7.574,7.645,7.875,7.997,7.483,7.469,7.464,7.493,7.482,7.555,7.569,7.726,7.729,7.507,7.476,7.66,7.711,7.592,7.592,7.589,7.578,7.507,7.502,7.507,7.528,7.512
1.340277778,7.524,7.517,7.574,7.645,7.875,7.997,7.483,7.468,7.464,7.493,7.481,7.555,7.569,7.726,7.729,7.506,7.476,7.66,7.711,7.592,7.591,7.589,7.578,7.507,7.502,7.507,7.528,7.512
1.341666667,7.524,7.517,7.574,7.645,7.875,7.996,7.483,7.467,7.464,7.493,7.481,7.555,7.568,7.726,7.729,7.507,7.476,7.66,7.71,7.592,7.591,7.588,7.578,7.506,7.501,7.507,7.528,7.512
1.343055556,7.524,7.516,7.573,7.645,7.875,7.996,7.482,7.468,7.464,7.493,7.481,7.554,7.568,7.726,7.729,7.507,7.476,7.659,7.71,7.592,7.592,7.588,7.578,7.506,7.501,7.507,7.528,7.512
1.344444444,7.523,7.516,7.573,7.644,7.874,7.996,7.483,7.468,7.464,7.492,7.481,7.554,7.569,7.726,7.729,7.506,7.476,7.66,7.71,7.592,7.591,7.588,7.577,7.507,7.5,7.507,7.528,7.512
1.345833333,7.522,7.516,7.572,7.644,7.873,7.996,7.483,7.467,7.464,7.491,7.481,7.555,7.568,7.726,7.73,7.506,7.476,7.66,7.71,7.592,7.59,7.588,7.577,7.506,7.5,7.507,7.528,7.512
1.347222222,7.522,7.516,7.572,7.644,7.873,7.995,7.483,7.467,7.463,7.491,7.481,7.554,7.568,7.726,7.729,7.506,7.475,7.659,7.71,7.592,7.591,7.588,7.577,7.506,7.5,7.507,7.528,7.512
1.348611111,7.522,7.516,7.572,7.644,7.873,7.995,7.482,7.467,7.463,7.491,7.481,7.554,7.568,7.725,7.729,7.506,7.475,7.659,7.71,7.592,7.591,7.587,7.577,7.506,7.5,7.507,7.528,7.512
1.35,7.522,7.516,7.572,7.644,7.873,7.994,7.481,7.467,7.464,7.491,7.481,7.554,7.568,7.724,7.729,7.506,7.475,7.659,7.71,7.591,7.59,7.587,7.578,7.506,7.5,7.507,7.528,7.512
1.351388889,7.522,7.516,7.572,7.644,7.872,7.994,7.481,7.467,7.463,7.491,7.481,7.553,7.568,7.724,7.729,7.506,7.474,7.659,7.71,7.59,7.59,7.588,7.578,7.505,7.5,7.506,7.528,7.512
1.352777778,7.522,7.516,7.572,7.644,7.872,7.994,7.482,7.467,7.463,7.491,7.481,7.553,7.568,7.724,7.729,7.506,7.474,7.658,7.71,7.59,7.59,7.587,7.578,7.505,7.5,7.506,7.528,7.512
1.354166667,7.522,7.516,7.572,7.644,7.872,7.994,7.482,7.467,7.463,7.491,7.481,7.553,7.568,7.724,7.728,7.506,7.474,7.659,7.709,7.59,7.59,7.587,7.577,7.505,7.5,7.507,7.528,7.512
1.355555556,7.522,7.516,7.572,7.643,7.871,7.993,7.482,7.467,7.463,7.491,7.481,7.553,7.568,7.724,7.728,7.506,7.474,7.659,7.709,7.59,7.59,7.587,7.576,7.505,7.5,7.506,7.528,7.511
1.356944444,7.522,7.516,7.572,7.642,7.87,7.992,7.481,7.467,7.463,7.491,7.481,7.553,7.568,7.724,7.728,7.506,7.474,7.658,7.71,7.59,7.59,7.587,7.576,7.505,7.5,7.506,7.528,7.511
1.358333333,7.522,7.515,7.572,7.642,7.87,7.991,7.482,7.467,7.463,7.491,7.481,7.553,7.567,7.724,7.728,7.506,7.474,7.658,7.71,7.59,7.589,7.587,7.576,7.505,7.5,7.506,7.528,7.511
1.359722222,7.522,7.515,7.571,7.642,7.871,7.991,7.482,7.467,7.463,7.491,7.481,7.553,7.567,7.724,7.728,7.506,7.474,7.658,7.709,7.59,7.59,7.587,7.576,7.505,7.5,7.506,7.528,7.511
1.361111111,7.521,7.516,7.572,7.642,7.871,7.991,7.481,7.467,7.463,7.491,7.481,7.553,7.567,7.723,7.728,7.506,7.474,7.658,7.709,7.59,7.59,7.587,7.576,7.505,7.5,7.505,7.528,7.51
1.3625,7.521,7.515,7.571,7.642,7.87,7.991,7.481,7.467,7.462,7.491,7.48,7.552,7.566,7.722,7.728,7.506,7.474,7.658,7.708,7.59,7.589,7.587,7.576,7.505,7.5,7.505,7.528,7.511
1.363888889,7.521,7.515,7.571,7.642,7.87,7.991,7.481,7.467,7.462,7.491,7.479,7.552,7.566,7.723,7.728,7.505,7.474,7.658,7.708,7.59,7.589,7.587,7.575,7.505,7.5,7.505,7.527,7.511
1.365277778,7.52,7.515,7.571,7.642,7.87,7.991,7.481,7.467,7.462,7.491,7.48,7.552,7.566,7.723,7.728,7.505,7.474,7.658,7.708,7.59,7.589,7.587,7.575,7.505,7.5,7.505,7.527,7.51
1.366666667,7.52,7.515,7.571,7.641,7.87,7.991,7.481,7.466,7.462,7.491,7.48,7.552,7.566,7.723,7.728,7.505,7.473,7.658,7.708,7.59,7.589,7.587,7.576,7.505,7.5,7.505,7.527,7.51
1.368055556,7.52,7.515,7.571,7.641,7.87,7.99,7.481,7.465,7.462,7.491,7.48,7.552,7.566,7.722,7.728,7.505,7.473,7.657,7.708,7.59,7.589,7.586,7.576,7.505,7.5,7.505,7.527,7.51
1.369444444,7.52,7.515,7.571,7.641,7.869,7.989,7.481,7.466,7.462,7.491,7.479,7.552,7.566,7.722,7.727,7.505,7.474,7.657,7.708,7.59,7.589,7.586,7.575,7.505,7.5,7.505,7.527,7.51
1.370833333,7.52,7.515,7.571,7.641,7.868,7.989,7.481,7.467,7.462,7.49,7.479,7.552,7.566,7.723,7.727,7.505,7.473,7.657,7.708,7.589,7.589,7.586,7.575,7.504,7.5,7.505,7.527,7.51
1.372222222,7.52,7.514,7.571,7.642,7.868,7.989,7.481,7.467,7.462,7.489,7.479,7.552,7.566,7.723,7.727,7.505,7.472,7.657,7.707,7.589,7.589,7.585,7.574,7.504,7.499,7.505,7.527,7.511
1.373611111,7.52,7.515,7.571,7.641,7.868,7.988,7.481,7.466,7.462,7.49,7.479,7.552,7.566,7.722,7.728,7.505,7.473,7.657,7.707,7.589,7.589,7.585,7.574,7.504,7.5,7.505,7.526,7.511
1.375,7.52,7.514,7.57,7.64,7.868,7.987,7.481,7.466,7.462,7.49,7.479,7.552,7.565,7.722,7.727,7.505,7.473,7.657,7.707,7.589,7.588,7.586,7.574,7.504,7.5,7.505,7.526,7.51
1.376388889,7.52,7.513,7.57,7.64,7.868,7.987,7.481,7.465,7.462,7.489,7.48,7.552,7.565,7.722,7.726,7.505,7.472,7.657,7.707,7.589,7.587,7.585,7.574,7.504,7.5,7.505,7.526,7.51
1.377777778,7.52,7.514,7.57,7.64,7.868,7.987,7.48,7.465,7.462,7.489,7.479,7.552,7.565,7.722,7.726,7.505,7.472,7.657,7.707,7.588,7.588,7.585,7.574,7.504,7.5,7.505,7.526,7.51
1.379166667,7.52,7.514,7.569,7.64,7.868,7.987,7.48,7.466,7.462,7.489,7.479,7.551,7.565,7.722,7.726,7.505,7.472,7.657,7.707,7.588,7.587,7.585,7.574,7.504,7.499,7.505,7.526,7.51
1.380555556,7.52,7.513,7.569,7.64,7.867,7.986,7.48,7.467,7.462,7.489,7.479,7.551,7.565,7.721,7.726,7.505,7.472,7.657,7.707,7.588,7.588,7.585,7.574,7.504,7.499,7.505,7.526,7.51
1.381944444,7.52,7.513,7.569,7.64,7.867,7.986,7.48,7.466,7.461,7.489,7.479,7.55,7.564,7.721,7.726,7.505,7.472,7.657,7.706,7.588,7.588,7.585,7.574,7.504,7.499,7.505,7.526,7.51
1.383333333,7.52,7.513,7.569,7.639,7.867,7.986,7.48,7.466,7.462,7.489,7.479,7.551,7.564,7.721,7.726,7.504,7.472,7.657,7.706,7.588,7.588,7.585,7.574,7.504,7.499,7.505,7.526,7.509
1.384722222,7.52,7.513,7.569,7.639,7.866,7.985,7.48,7.466,7.462,7.489,7.479,7.551,7.564,7.722,7.726,7.503,7.472,7.656,7.706,7.587,7.587,7.585,7.573,7.504,7.499,7.505,7.526,7.508
1.386111111,7.519,7.513,7.569,7.639,7.866,7.985,7.48,7.465,7.462,7.49,7.479,7.55,7.564,7.721,7.725,7.503,7.472,7.655,7.706,7.587,7.587,7.585,7.574,7.504,7.499,7.504,7.526,7.509
1.3875,7.519,7.513,7.569,7.639,7.866,7.984,7.48,7.465,7.462,7.49,7.479,7.55,7.564,7.721,7.724,7.503,7.472,7.656,7.706,7.587,7.587,7.585,7.574,7.504,7.499,7.504,7.526,7.509
1.388888889,7.519,7.513,7.569,7.639,7.866,7.984,7.48,7.465,7.462,7.49,7.479,7.55,7.564,7.721,7.725,7.504,7.472,7.656,7.706,7.587,7.587,7.585,7.574,7.504,7.499,7.505,7.526,7.509
1.390277778,7.519,7.513,7.569,7.639,7.866,7.984,7.479,7.465,7.462,7.489,7.479,7.55,7.564,7.721,7.725,7.504,7.472,7.655,7.705,7.587,7.587,7.584,7.573,7.504,7.499,7.504,7.526,7.509
1.391666667,7.519,7.513,7.568,7.638,7.865,7.983,7.479,7.465,7.462,7.489,7.479,7.55,7.564,7.721,7.725,7.503,7.471,7.655,7.706,7.587,7.587,7.584,7.573,7.503,7.499,7.504,7.526,7.509
1.393055556,7.519,7.513,7.568,7.639,7.865,7.982,7.479,7.465,7.461,7.489,7.479,7.55,7.564,7.721,7.725,7.503,7.471,7.655,7.706,7.587,7.587,7.585,7.573,7.503,7.499,7.504,7.526,7.509
1.394444444,7.519,7.513,7.567,7.638,7.865,7.982,7.479,7.465,7.46,7.489,7.479,7.55,7.564,7.721,7.724,7.503,7.471,7.655,7.706,7.587,7.587,7.584,7.573,7.503,7.499,7.504,7.526,7.509
1.395833333,7.519,7.512,7.567,7.637,7.865,7.982,7.479,7.465,7.46,7.489,7.479,7.549,7.564,7.721,7.724,7.503,7.471,7.655,7.706,7.587,7.586,7.584,7.573,7.503,7.499,7.504,7.525,7.508
1.397222222,7.519,7.512,7.567,7.637,7.865,7.982,7.479,7.465,7.46,7.489,7.479,7.549,7.564,7.721,7.724,7.503,7.471,7.655,7.705,7.587,7.586,7.585,7.573,7.502,7.499,7.504,7.525,7.508
1.398611111,7.518,7.512,7.567,7.637,7.865,7.982,7.479,7.465,7.46,7.489,7.478,7.549,7.563,7.72,7.724,7.503,7.471,7.655,7.705,7.587,7.585,7.584,7.573,7.503,7.499,7.504,7.526,7.508
1.4,7.518,7.512,7.567,7.637,7.865,7.982,7.479,7.464,7.46,7.489,7.478,7.55,7.562,7.719,7.724,7.503,7.471,7.655,7.705,7.586,7.585,7.583,7.573,7.502,7.499,7.504,7.525,7.508
1.401388889,7.518,7.512,7.567,7.637,7.864,7.981,7.479,7.464,7.46,7.489,7.478,7.549,7.562,7.719,7.724,7.503,7.471,7.655,7.705,7.586,7.585,7.583,7.573,7.502,7.499,7.504,7.525,7.508
1.402777778,7.517,7.512,7.567,7.637,7.863,7.98,7.479,7.465,7.46,7.489,7.478,7.549,7.562,7.719,7.724,7.503,7.471,7.655,7.705,7.585,7.585,7.583,7.572,7.502,7.498,7.504,7.525,7.508
1.404166667,7.517,7.512,7.567,7.637,7.863,7.98,7.479,7.465,7.46,7.489,7.477,7.548,7.562,7.719,7.724,7.503,7.471,7.655,7.705,7.586,7.585,7.583,7.572,7.502,7.498,7.504,7.524,7.508
1.405555556,7.517,7.511,7.566,7.637,7.863,7.979,7.479,7.464,7.46,7.489,7.477,7.548,7.562,7.719,7.724,7.503,7.471,7.655,7.704,7.586,7.585,7.583,7.572,7.502,7.498,7.504,7.524,7.508
1.406944444,7.517,7.511,7.566,7.637,7.863,7.979,7.479,7.464,7.46,7.489,7.478,7.548,7.562,7.719,7.723,7.502,7.471,7.654,7.704,7.585,7.585,7.583,7.572,7.502,7.498,7.504,7.524,7.508
1.408333333,7.517,7.511,7.566,7.636,7.863,7.979,7.479,7.464,7.46,7.489,7.477,7.548,7.562,7.719,7.723,7.502,7.47,7.654,7.704,7.585,7.585,7.583,7.572,7.502,7.498,7.504,7.524,7.508
1.409722222,7.517,7.511,7.566,7.636,7.863,7.979,7.478,7.464,7.46,7.489,7.477,7.548,7.562,7.719,7.723,7.503,7.47,7.653,7.703,7.585,7.585,7.583,7.571,7.502,7.498,7.503,7.524,7.508
1.411111111,7.517,7.511,7.566,7.636,7.863,7.979,7.478,7.464,7.46,7.489,7.477,7.548,7.562,7.719,7.722,7.502,7.47,7.653,7.703,7.585,7.584,7.583,7.571,7.502,7.498,7.503,7.524,7.508
1.4125,7.517,7.511,7.566,7.635,7.863,7.978,7.479,7.464,7.46,7.488,7.477,7.547,7.562,7.719,7.722,7.502,7.469,7.653,7.703,7.585,7.584,7.583,7.571,7.502,7.497,7.503,7.524,7.508
1.413888889,7.517,7.511,7.566,7.635,7.863,7.977,7.479,7.464,7.46,7.488,7.477,7.548,7.561,7.719,7.722,7.502,7.469,7.653,7.703,7.585,7.585,7.582,7.571,7.502,7.497,7.503,7.524,7.508
1.415277778,7.517,7.511,7.566,7.635,7.862,7.977,7.478,7.464,7.46,7.488,7.477,7.548,7.562,7.719,7.722,7.501,7.469,7.653,7.703,7.585,7.584,7.582,7.571,7.502,7.497,7.503,7.524,7.508
1.416666667,7.517,7.511,7.566,7.635,7.861,7.977,7.478,7.464,7.459,7.488,7.477,7.548,7.562,7.719,7.722,7.501,7.47,7.653,7.703,7.585,7.584,7.582,7.571,7.502,7.497,7.502,7.524,7.508
1.418055556,7.517,7.511,7.566,7.635,7.861,7.977,7.479,7.464,7.459,7.488,7.477,7.548,7.561,7.719,7.722,7.501,7.469,7.653,7.703,7.585,7.584,7.582,7.571,7.502,7.497,7.503,7.524,7.508
1.419444444,7.516,7.511,7.566,7.635,7.861,7.976,7.478,7.464,7.46,7.488,7.477,7.547,7.561,7.718,7.722,7.501,7.469,7.653,7.703,7.585,7.584,7.582,7.571,7.501,7.497,7.502,7.524,7.507
1.420833333,7.516,7.51,7.565,7.635,7.861,7.975,7.478,7.464,7.459,7.488,7.477,7.548,7.561,7.717,7.722,7.501,7.469,7.652,7.702,7.584,7.583,7.582,7.571,7.501,7.497,7.502,7.524,7.507
1.422222222,7.517,7.51,7.565,7.634,7.861,7.975,7.478,7.464,7.459,7.488,7.477,7.548,7.561,7.717,7.722,7.501,7.469,7.652,7.702,7.583,7.583,7.582,7.571,7.5,7.497,7.502,7.524,7.507
1.423611111,7.517,7.51,7.565,7.634,7.861,7.975,7.478,7.464,7.459,7.488,7.477,7.548,7.561,7.718,7.722,7.501,7.469,7.652,7.703,7.584,7.583,7.582,7.571,7.501,7.497,7.502,7.524,7.507
1.425,7.516,7.51,7.565,7.634,7.86,7.974,7.478,7.464,7.459,7.488,7.477,7.547,7.561,7.717,7.722,7.501,7.469,7.652,7.703,7.585,7.583,7.582,7.57,7.501,7.497,7.502,7.524,7.507
1.426388889,7.515,7.51,7.565,7.634,7.86,7.973,7.478,7.464,7.459,7.488,7.477,7.546,7.561,7.717,7.722,7.501,7.469,7.652,7.703,7.585,7.583,7.582,7.57,7.501,7.498,7.502,7.524,7.507
1.427777778,7.515,7.51,7.565,7.634,7.86,7.973,7.478,7.464,7.459,7.488,7.477,7.546,7.561,7.717,7.721,7.501,7.469,7.652,7.702,7.584,7.583,7.582,7.57,7.501,7.497,7.502,7.523,7.507
1.429166667,7.515,7.51,7.564,7.634,7.86,7.974,7.478,7.463,7.459,7.487,7.476,7.546,7.561,7.717,7.721,7.501,7.469,7.652,7.702,7.583,7.583,7.581,7.569,7.501,7.497,7.502,7.523,7.507
1.430555556,7.515,7.51,7.564,7.633,7.86,7.974,7.478,7.463,7.459,7.487,7.477,7.546,7.561,7.717,7.721,7.501,7.469,7.652,7.702,7.583,7.583,7.581,7.569,7.5,7.497,7.502,7.523,7.507
1.431944444,7.515,7.51,7.564,7.633,7.86,7.972,7.478,7.463,7.459,7.488,7.477,7.547,7.561,7.717,7.721,7.501,7.469,7.652,7.702,7.583,7.583,7.582,7.569,7.5,7.497,7.502,7.523,7.507
1.433333333,7.515,7.51,7.564,7.633,7.859,7.972,7.478,7.462,7.459,7.488,7.477,7.547,7.56,7.717,7.721,7.501,7.469,7.651,7.702,7.583,7.583,7.581,7.569,7.5,7.497,7.502,7.523,7.507
1.434722222,7.515,7.51,7.564,7.632,7.859,7.972,7.478,7.463,7.459,7.488,7.476,7.546,7.559,7.717,7.721,7.5,7.469,7.651,7.701,7.583,7.583,7.581,7.569,7.5,7.497,7.502,7.523,7.507
1.436111111,7.515,7.509,7.564,7.632,7.859,7.971,7.478,7.463,7.459,7.488,7.476,7.546,7.559,7.717,7.721,7.501,7.468,7.651,7.701,7.583,7.582,7.58,7.569,7.5,7.497,7.502,7.523,7.507
1.4375,7.515,7.509,7.564,7.632,7.858,7.97,7.478,7.462,7.459,7.488,7.476,7.546,7.56,7.717,7.721,7.501,7.468,7.651,7.701,7.583,7.582,7.58,7.569,7.5,7.497,7.502,7.522,7.507
1.438888889,7.515,7.508,7.564,7.632,7.858,7.97,7.477,7.463,7.459,7.487,7.476,7.546,7.56,7.716,7.721,7.501,7.468,7.651,7.701,7.583,7.582,7.58,7.568,7.5,7.496,7.502,7.523,7.507
1.440277778,7.515,7.509,7.564,7.632,7.858,7.97,7.477,7.463,7.459,7.487,7.476,7.545,7.559,7.716,7.721,7.5,7.468,7.651,7.701,7.583,7.582,7.58,7.568,7.5,7.496,7.502,7.523,7.507
1.441666667,7.514,7.509,7.564,7.632,7.858,7.97,7.477,7.462,7.459,7.487,7.476,7.545,7.559,7.716,7.721,7.5,7.468,7.65,7.701,7.583,7.582,7.58,7.568,7.5,7.497,7.502,7.522,7.507
1.443055556,7.515,7.508,7.563,7.632,7.858,7.969,7.478,7.462,7.458,7.488,7.476,7.545,7.559,7.716,7.721,7.5,7.468,7.65,7.701,7.583,7.582,7.58,7.568,7.5,7.496,7.502,7.523,7.507
1.444444444,7.515,7.508,7.562,7.632,7.858,7.968,7.477,7.462,7.458,7.487,7.476,7.545,7.559,7.715,7.72,7.5,7.469,7.65,7.7,7.582,7.582,7.58,7.568,7.499,7.496,7.502,7.523,7.506
1.445833333,7.515,7.508,7.562,7.631,7.858,7.968,7.477,7.462,7.459,7.486,7.476,7.545,7.559,7.715,7.719,7.5,7.468,7.65,7.701,7.583,7.582,7.58,7.568,7.499,7.497,7.501,7.522,7.506
1.447222222,7.515,7.508,7.562,7.631,7.858,7.968,7.477,7.462,7.458,7.486,7.476,7.545,7.559,7.715,7.719,7.5,7.467,7.65,7.701,7.582,7.582,7.58,7.568,7.499,7.496,7.5,7.523,7.507
1.448611111,7.514,7.508,7.562,7.631,7.857,7.968,7.476,7.462,7.458,7.487,7.476,7.545,7.559,7.715,7.719,7.5,7.467,7.65,7.701,7.582,7.582,7.58,7.568,7.499,7.497,7.501,7.523,7.507
1.45,7.513,7.508,7.562,7.631,7.857,7.967,7.476,7.462,7.458,7.487,7.476,7.545,7.559,7.715,7.719,7.5,7.467,7.65,7.7,7.583,7.581,7.58,7.568,7.499,7.497,7.501,7.522,7.507
1.451388889,7.513,7.508,7.562,7.63,7.856,7.967,7.476,7.462,7.459,7.486,7.476,7.545,7.559,7.715,7.719,7.5,7.467,7.65,7.7,7.583,7.581,7.58,7.568,7.499,7.496,7.501,7.522,7.507
1.452777778,7.513,7.508,7.562,7.63,7.856,7.966,7.476,7.462,7.458,7.486,7.476,7.545,7.558,7.715,7.72,7.499,7.467,7.65,7.7,7.582,7.58,7.58,7.568,7.499,7.496,7.501,7.522,7.507
1.454166667,7.513,7.508,7.562,7.63,7.856,7.966,7.476,7.462,7.458,7.486,7.476,7.544,7.558,7.715,7.72,7.499,7.467,7.65,7.7,7.582,7.58,7.58,7.568,7.499,7.495,7.5,7.522,7.506
1.455555556,7.513,7.508,7.562,7.63,7.856,7.965,7.476,7.462,7.457,7.486,7.476,7.544,7.558,7.714,7.719,7.5,7.467,7.65,7.7,7.582,7.58,7.58,7.568,7.499,7.495,7.5,7.522,7.506
1.456944444,7.513,7.508,7.562,7.63,7.855,7.965,7.476,7.462,7.458,7.486,7.476,7.544,7.557,7.714,7.719,7.499,7.467,7.649,7.7,7.581,7.58,7.579,7.568,7.499,7.496,7.5,7.522,7.506
1.458333333,7.513,7.508,7.562,7.63,7.855,7.965,7.477,7.462,7.458,7.486,7.475,7.543,7.558,7.714,7.719,7.499,7.467,7.649,7.7,7.581,7.58,7.579,7.568,7.499,7.495,7.5,7.522,7.506
1.459722222,7.513,7.508,7.561,7.63,7.855,7.964,7.476,7.462,7.457,7.486,7.475,7.544,7.558,7.714,7.718,7.499,7.467,7.649,7.7,7.581,7.58,7.579,7.567,7.499,7.494,7.5,7.522,7.505
1.461111111,7.513,7.508,7.561,7.63,7.855,7.964,7.476,7.462,7.457,7.486,7.474,7.544,7.558,7.714,7.718,7.499,7.467,7.649,7.699,7.581,7.58,7.578,7.566,7.499,7.495,7.5,7.522,7.505
1.4625,7.513,7.508,7.561,7.629,7.855,7.964,7.476,7.462,7.457,7.486,7.474,7.544,7.558,7.714,7.718,7.498,7.467,7.648,7.699,7.582,7.58,7.578,7.567,7.499,7.495,7.5,7.522,7.505
1.463888889,7.513,7.507,7.561,7.629,7.855,7.963,7.476,7.462,7.458,7.486,7.474,7.543,7.557,7.714,7.719,7.498,7.467,7.648,7.699,7.581,7.58,7.578,7.568,7.499,7.495,7.501,7.522,7.506
1.465277778,7.513,7.507,7.561,7.629,7.854,7.963,7.476,7.461,7.457,7.486,7.474,7.543,7.557,7.714,7.719,7.498,7.467,7.648,7.7,7.581,7.58,7.578,7.567,7.499,7.495,7.5,7.522,7.506
1.466666667,7.512,7.506,7.561,7.629,7.854,7.963,7.476,7.462,7.457,7.486,7.474,7.543,7.557,7.714,7.718,7.498,7.467,7.648,7.7,7.581,7.58,7.578,7.566,7.498,7.495,7.5,7.522,7.505
1.468055556,7.512,7.506,7.561,7.628,7.853,7.962,7.476,7.461,7.457,7.486,7.474,7.543,7.557,7.714,7.717,7.498,7.467,7.648,7.699,7.581,7.58,7.578,7.566,7.498,7.494,7.5,7.522,7.505
1.469444444,7.512,7.506,7.561,7.628,7.853,7.962,7.476,7.461,7.457,7.486,7.474,7.543,7.557,7.714,7.717,7.498,7.467,7.648,7.698,7.58,7.58,7.577,7.566,7.499,7.494,7.5,7.521,7.505
1.470833333,7.512,7.506,7.561,7.628,7.853,7.961,7.476,7.461,7.458,7.486,7.474,7.542,7.557,7.714,7.717,7.498,7.467,7.648,7.698,7.58,7.58,7.577,7.566,7.499,7.495,7.5,7.521,7.505
1.472222222,7.512,7.506,7.56,7.628,7.853,7.96,7.476,7.461,7.457,7.486,7.474,7.542,7.557,7.713,7.717,7.498,7.467,7.648,7.698,7.58,7.58,7.578,7.566,7.498,7.495,7.5,7.521,7.505
1.473611111,7.512,7.506,7.56,7.628,7.853,7.96,7.476,7.461,7.457,7.486,7.474,7.543,7.557,7.713,7.717,7.498,7.466,7.648,7.698,7.58,7.58,7.578,7.566,7.498,7.495,7.5,7.522,7.505
1.475,7.512,7.506,7.56,7.628,7.853,7.96,7.476,7.461,7.457,7.485,7.474,7.542,7.557,7.713,7.717,7.498,7.467,7.647,7.698,7.58,7.579,7.577,7.566,7.498,7.495,7.5,7.522,7.505
1.476388889,7.512,7.506,7.56,7.627,7.853,7.96,7.476,7.462,7.457,7.485,7.474,7.542,7.556,7.713,7.717,7.498,7.466,7.647,7.698,7.579,7.578,7.577,7.565,7.498,7.495,7.5,7.521,7.505
1.477777778,7.511,7.506,7.559,7.627,7.853,7.959,7.475,7.461,7.457,7.485,7.474,7.542,7.556,7.713,7.717,7.498,7.466,7.647,7.697,7.579,7.579,7.578,7.565,7.497,7.495,7.5,7.521,7.505
1.479166667,7.511,7.506,7.559,7.627,7.852,7.958,7.475,7.461,7.457,7.485,7.474,7.542,7.556,7.712,7.717,7.498,7.465,7.647,7.697,7.58,7.579,7.578,7.565,7.497,7.495,7.5,7.521,7.505
1.480555556,7.512,7.506,7.559,7.627,7.852,7.958,7.475,7.461,7.456,7.485,7.474,7.542,7.556,7.712,7.716,7.498,7.466,7.647,7.697,7.579,7.578,7.577,7.566,7.497,7.495,7.5,7.521,7.505
1.481944444,7.512,7.506,7.559,7.627,7.852,7.958,7.475,7.461,7.456,7.485,7.474,7.542,7.556,7.712,7.716,7.497,7.466,7.646,7.696,7.579,7.578,7.577,7.565,7.497,7.495,7.5,7.521,7.505
1.483333333,7.512,7.506,7.559,7.627,7.851,7.958,7.475,7.46,7.457,7.484,7.474,7.541,7.556,7.712,7.716,7.497,7.465,7.646,7.697,7.58,7.578,7.576,7.565,7.497,7.494,7.5,7.521,7.505
1.484722222,7.512,7.506,7.559,7.627,7.851,7.957,7.475,7.46,7.457,7.484,7.474,7.541,7.556,7.712,7.716,7.498,7.465,7.646,7.697,7.58,7.578,7.576,7.565,7.497,7.494,7.5,7.521,7.505
1.486111111,7.511,7.505,7.559,7.627,7.851,7.957,7.475,7.46,7.457,7.485,7.473,7.542,7.556,7.712,7.716,7.498,7.465,7.646,7.697,7.58,7.578,7.576,7.565,7.497,7.495,7.499,7.521,7.505
1.4875,7.51,7.505,7.559,7.627,7.851,7.957,7.474,7.46,7.456,7.485,7.474,7.542,7.556,7.712,7.716,7.498,7.465,7.646,7.696,7.579,7.578,7.576,7.564,7.497,7.494,7.499,7.521,7.505
1.488888889,7.51,7.505,7.559,7.626,7.851,7.957,7.475,7.46,7.456,7.484,7.474,7.541,7.556,7.711,7.716,7.498,7.465,7.646,7.696,7.578,7.578,7.576,7.564,7.497,7.494,7.499,7.521,7.505
1.490277778,7.51,7.505,7.559,7.626,7.851,7.956,7.475,7.46,7.456,7.484,7.474,7.541,7.556,7.712,7.716,7.498,7.465,7.646,7.696,7.578,7.578,7.576,7.564,7.497,7.493,7.499,7.521,7.505
1.491666667,7.51,7.505,7.559,7.626,7.851,7.955,7.474,7.46,7.455,7.484,7.473,7.541,7.556,7.712,7.716,7.498,7.465,7.646,7.696,7.578,7.578,7.576,7.564,7.497,7.494,7.499,7.521,7.504
1.493055556,7.51,7.505,7.559,7.626,7.85,7.955,7.474,7.46,7.456,7.484,7.473,7.541,7.556,7.712,7.716,7.497,7.465,7.646,7.696,7.578,7.578,7.576,7.564,7.497,7.494,7.499,7.521,7.504
1.494444444,7.51,7.505,7.559,7.625,7.849,7.955,7.474,7.46,7.456,7.484,7.473,7.54,7.556,7.712,7.716,7.497,7.465,7.646,7.696,7.578,7.578,7.576,7.564,7.497,7.495,7.499,7.521,7.504
1.495833333,7.51,7.505,7.558,7.625,7.849,7.955,7.474,7.46,7.456,7.484,7.473,7.54,7.556,7.711,7.716,7.497,7.465,7.646,7.696,7.578,7.578,7.576,7.564,7.497,7.494,7.499,7.521,7.504
1.497222222,7.51,7.505,7.558,7.625,7.849,7.954,7.474,7.46,7.455,7.484,7.474,7.541,7.555,7.71,7.716,7.497,7.465,7.646,7.696,7.578,7.577,7.576,7.564,7.496,7.494,7.499,7.521,7.505
1.498611111,7.51,7.505,7.557,7.625,7.849,7.954,7.474,7.46,7.455,7.484,7.474,7.541,7.555,7.71,7.716,7.497,7.465,7.646,7.695,7.578,7.577,7.576,7.564,7.496,7.495,7.499,7.521,7.505
1.5,7.51,7.505,7.557,7.625,7.849,7.954,7.474,7.46,7.455,7.484,7.473,7.54,7.555,7.71,7.715,7.497,7.465,7.645,7.695,7.578,7.577,7.576,7.564,7.496,7.494,7.499,7.521,7.504
1.501388889,7.51,7.505,7.557,7.625,7.849,7.953,7.474,7.46,7.455,7.484,7.473,7.54,7.555,7.71,7.715,7.497,7.465,7.645,7.695,7.578,7.577,7.575,7.563,7.497,7.493,7.499,7.52,7.503
1.502777778,7.51,7.505,7.557,7.625,7.849,7.953,7.474,7.46,7.456,7.484,7.472,7.54,7.554,7.71,7.715,7.497,7.465,7.645,7.695,7.578,7.577,7.575,7.563,7.497,7.493,7.499,7.519,7.503
1.504166667,7.51,7.505,7.557,7.624,7.848,7.953,7.474,7.46,7.456,7.484,7.473,7.54,7.555,7.71,7.715,7.496,7.465,7.645,7.695,7.577,7.577,7.575,7.563,7.497,7.493,7.498,7.519,7.503
1.505555556,7.51,7.504,7.557,7.624,7.848,7.953,7.474,7.46,7.456,7.484,7.473,7.54,7.554,7.71,7.715,7.496,7.465,7.645,7.695,7.577,7.577,7.575,7.563,7.496,7.493,7.497,7.519,7.503
1.506944444,7.509,7.504,7.557,7.625,7.848,7.952,7.474,7.46,7.455,7.484,7.472,7.54,7.554,7.71,7.714,7.496,7.464,7.645,7.695,7.576,7.577,7.575,7.563,7.495,7.493,7.499,7.519,7.503
1.508333333,7.508,7.505,7.557,7.624,7.848,7.951,7.474,7.46,7.455,7.483,7.472,7.54,7.554,7.71,7.714,7.496,7.465,7.645,7.695,7.577,7.577,7.575,7.564,7.495,7.493,7.499,7.519,7.503
1.509722222,7.508,7.504,7.557,7.624,7.848,7.951,7.474,7.46,7.455,7.484,7.472,7.54,7.554,7.709,7.714,7.496,7.465,7.645,7.694,7.577,7.576,7.575,7.563,7.495,7.493,7.498,7.519,7.503
1.511111111,7.509,7.503,7.557,7.623,7.847,7.95,7.473,7.46,7.455,7.484,7.472,7.54,7.554,7.709,7.714,7.496,7.464,7.645,7.694,7.576,7.575,7.574,7.563,7.495,7.494,7.498,7.519,7.503
1.5125,7.509,7.503,7.557,7.623,7.847,7.95,7.473,7.46,7.455,7.484,7.472,7.54,7.554,7.709,7.714,7.496,7.464,7.645,7.694,7.577,7.575,7.574,7.563,7.495,7.494,7.497,7.519,7.503
1.513888889,7.508,7.503,7.557,7.623,7.846,7.95,7.473,7.46,7.455,7.484,7.472,7.54,7.554,7.709,7.714,7.495,7.464,7.645,7.694,7.577,7.576,7.575,7.563,7.495,7.494,7.497,7.519,7.503
1.515277778,7.508,7.503,7.556,7.623,7.846,7.949,7.473,7.46,7.455,7.484,7.472,7.54,7.554,7.709,7.714,7.494,7.464,7.644,7.694,7.577,7.576,7.575,7.563,7.495,7.494,7.498,7.519,7.503
1.516666667,7.508,7.503,7.555,7.623,7.846,7.948,7.473,7.459,7.455,7.484,7.472,7.54,7.553,7.709,7.714,7.495,7.464,7.644,7.694,7.576,7.575,7.575,7.563,7.495,7.494,7.498,7.519,7.503
1.518055556,7.508,7.503,7.555,7.622,7.846,7.948,7.473,7.459,7.455,7.484,7.472,7.539,7.553,7.709,7.714,7.495,7.464,7.644,7.693,7.576,7.575,7.574,7.563,7.495,7.494,7.498,7.519,7.503
1.519444444,7.508,7.503,7.555,7.623,7.846,7.948,7.473,7.459,7.455,7.483,7.472,7.538,7.553,7.709,7.713,7.496,7.464,7.644,7.693,7.576,7.575,7.574,7.563,7.495,7.494,7.497,7.519,7.503
1.520833333,7.508,7.503,7.555,7.622,7.846,7.948,7.473,7.46,7.455,7.484,7.472,7.538,7.552,7.709,7.712,7.496,7.464,7.643,7.694,7.576,7.575,7.575,7.563,7.495,7.494,7.497,7.519,7.503
1.522222222,7.508,7.503,7.555,7.622,7.846,7.948,7.473,7.459,7.455,7.484,7.472,7.539,7.552,7.709,7.713,7.495,7.464,7.643,7.694,7.576,7.575,7.574,7.562,7.495,7.493,7.497,7.519,7.503
1.523611111,7.508,7.503,7.555,7.622,7.846,7.948,7.473,7.459,7.455,7.484,7.472,7.54,7.552,7.708,7.714,7.495,7.464,7.643,7.694,7.576,7.575,7.574,7.562,7.495,7.493,7.497,7.519,7.503
1.525,7.508,7.503,7.555,7.622,7.846,7.947,7.473,7.459,7.454,7.483,7.472,7.539,7.552,7.708,7.713,7.495,7.464,7.644,7.694,7.576,7.575,7.574,7.561,7.494,7.493,7.497,7.519,7.503
1.526388889,7.508,7.503,7.555,7.622,7.845,7.946,7.473,7.459,7.455,7.483,7.471,7.538,7.552,7.708,7.712,7.495,7.464,7.643,7.693,7.575,7.575,7.573,7.561,7.494,7.494,7.497,7.518,7.503
1.527777778,7.508,7.503,7.555,7.622,7.845,7.946,7.473,7.459,7.455,7.483,7.472,7.538,7.552,7.709,7.712,7.494,7.463,7.643,7.693,7.576,7.574,7.573,7.561,7.494,7.494,7.497,7.519,7.502
1.529166667,7.508,7.503,7.555,7.622,7.844,7.946,7.473,7.459,7.455,7.483,7.472,7.538,7.552,7.709,7.712,7.494,7.463,7.643,7.693,7.576,7.574,7.573,7.561,7.494,7.493,7.497,7.519,7.502
1.530555556,7.508,7.503,7.555,7.622,7.844,7.945,7.473,7.459,7.455,7.483,7.472,7.538,7.552,7.708,7.712,7.494,7.463,7.643,7.692,7.575,7.575,7.573,7.561,7.494,7.493,7.497,7.519,7.502
1.531944444,7.508,7.502,7.554,7.622,7.844,7.945,7.473,7.459,7.455,7.483,7.471,7.538,7.552,7.707,7.712,7.494,7.464,7.643,7.692,7.575,7.575,7.574,7.561,7.493,7.494,7.497,7.519,7.502
1.533333333,7.507,7.502,7.555,7.621,7.844,7.945,7.473,7.459,7.454,7.483,7.471,7.538,7.552,7.707,7.712,7.494,7.464,7.642,7.693,7.575,7.574,7.573,7.561,7.494,7.494,7.497,7.519,7.502
1.534722222,7.507,7.502,7.555,7.621,7.844,7.944,7.473,7.459,7.454,7.483,7.472,7.538,7.552,7.707,7.712,7.494,7.464,7.643,7.692,7.575,7.574,7.572,7.561,7.495,7.494,7.497,7.518,7.502
1.536111111,7.507,7.501,7.554,7.621,7.844,7.943,7.472,7.458,7.454,7.483,7.472,7.538,7.551,7.707,7.712,7.495,7.463,7.643,7.692,7.575,7.574,7.573,7.561,7.495,7.493,7.497,7.517,7.502
1.5375,7.507,7.501,7.554,7.62,7.844,7.943,7.472,7.458,7.455,7.483,7.471,7.538,7.552,7.707,7.712,7.495,7.463,7.642,7.692,7.575,7.574,7.573,7.561,7.494,7.493,7.497,7.518,7.502
1.538888889,7.507,7.501,7.554,7.62,7.843,7.943,7.473,7.459,7.454,7.483,7.471,7.537,7.552,7.707,7.711,7.494,7.463,7.642,7.691,7.575,7.574,7.573,7.56,7.493,7.493,7.497,7.518,7.502
1.540277778,7.507,7.501,7.554,7.62,7.843,7.942,7.472,7.458,7.454,7.483,7.471,7.538,7.551,7.707,7.711,7.494,7.462,7.642,7.692,7.575,7.574,7.573,7.56,7.493,7.492,7.497,7.518,7.502
1.541666667,7.507,7.501,7.554,7.62,7.843,7.942,7.472,7.458,7.454,7.483,7.471,7.538,7.55,7.707,7.712,7.494,7.462,7.642,7.692,7.575,7.573,7.573,7.56,7.493,7.492,7.497,7.518,7.502
1.543055556,7.507,7.501,7.554,7.619,7.843,7.942,7.472,7.458,7.454,7.483,7.471,7.537,7.55,7.707,7.711,7.494,7.462,7.642,7.691,7.575,7.573,7.573,7.561,7.493,7.492,7.497,7.518,7.502
1.544444444,7.507,7.501,7.554,7.619,7.843,7.941,7.472,7.458,7.454,7.483,7.471,7.537,7.55,7.707,7.711,7.494,7.462,7.641,7.691,7.575,7.573,7.572,7.56,7.493,7.492,7.496,7.517,7.502
1.545833333,7.507,7.501,7.553,7.62,7.843,7.941,7.472,7.459,7.455,7.483,7.471,7.537,7.55,7.707,7.711,7.493,7.462,7.641,7.691,7.575,7.573,7.572,7.56,7.493,7.492,7.496,7.517,7.502
1.547222222,7.507,7.501,7.553,7.62,7.842,7.941,7.472,7.459,7.455,7.483,7.471,7.536,7.55,7.707,7.71,7.494,7.462,7.641,7.691,7.575,7.573,7.573,7.56,7.493,7.492,7.497,7.517,7.502
1.548611111,7.507,7.501,7.554,7.62,7.841,7.94,7.472,7.458,7.454,7.482,7.471,7.537,7.55,7.707,7.71,7.494,7.462,7.641,7.691,7.575,7.573,7.573,7.559,7.493,7.492,7.497,7.517,7.502
1.55,7.507,7.501,7.554,7.62,7.841,7.94,7.471,7.457,7.453,7.482,7.471,7.537,7.55,7.707,7.71,7.494,7.462,7.641,7.691,7.575,7.573,7.572,7.559,7.493,7.492,7.497,7.517,7.502
1.551388889,7.507,7.501,7.553,7.619,7.842,7.94,7.471,7.458,7.453,7.482,7.47,7.536,7.55,7.707,7.71,7.493,7.462,7.641,7.691,7.575,7.573,7.571,7.559,7.493,7.492,7.497,7.517,7.502
1.552777778,7.507,7.501,7.552,7.618,7.842,7.94,7.471,7.458,7.453,7.482,7.47,7.536,7.55,7.706,7.71,7.494,7.462,7.641,7.691,7.575,7.572,7.572,7.559,7.493,7.492,7.497,7.517,7.502
1.554166667,7.506,7.501,7.552,7.619,7.841,7.939,7.472,7.457,7.453,7.482,7.471,7.536,7.55,7.706,7.71,7.494,7.462,7.641,7.691,7.574,7.572,7.572,7.559,7.493,7.492,7.497,7.517,7.502
1.555555556,7.505,7.501,7.552,7.619,7.841,7.938,7.472,7.457,7.453,7.482,7.471,7.536,7.55,7.706,7.71,7.493,7.462,7.64,7.69,7.573,7.572,7.571,7.559,7.493,7.492,7.496,7.517,7.502
1.556944444,7.505,7.501,7.552,7.618,7.841,7.938,7.471,7.458,7.453,7.481,7.471,7.536,7.55,7.706,7.71,7.493,7.462,7.64,7.69,7.573,7.572,7.571,7.559,7.493,7.492,7.495,7.517,7.502
1.558333333,7.505,7.501,7.552,7.618,7.841,7.938,7.471,7.457,7.453,7.482,7.471,7.536,7.55,7.705,7.71,7.493,7.462,7.64,7.691,7.573,7.572,7.571,7.559,7.492,7.492,7.495,7.517,7.501
1.559722222,7.505,7.501,7.552,7.618,7.841,7.937,7.471,7.457,7.453,7.481,7.47,7.536,7.55,7.705,7.71,7.493,7.462,7.641,7.691,7.573,7.572,7.571,7.558,7.492,7.492,7.495,7.517,7.501
1.561111111,7.505,7.5,7.552,7.618,7.841,7.936,7.471,7.457,7.453,7.482,7.47,7.536,7.55,7.705,7.709,7.493,7.461,7.641,7.69,7.573,7.572,7.571,7.558,7.492,7.492,7.495,7.517,7.501
1.5625,7.505,7.5,7.552,7.618,7.841,7.936,7.471,7.457,7.453,7.482,7.471,7.536,7.55,7.705,7.709,7.493,7.461,7.641,7.689,7.573,7.572,7.571,7.558,7.492,7.492,7.496,7.517,7.5
1.563888889,7.505,7.499,7.552,7.618,7.841,7.936,7.471,7.457,7.453,7.482,7.471,7.535,7.55,7.705,7.709,7.493,7.462,7.64,7.689,7.573,7.571,7.571,7.559,7.492,7.492,7.496,7.517,7.501
1.565277778,7.505,7.499,7.552,7.617,7.84,7.935,7.471,7.457,7.453,7.481,7.471,7.535,7.55,7.705,7.709,7.493,7.461,7.64,7.689,7.573,7.572,7.571,7.559,7.492,7.492,7.495,7.517,7.501
1.566666667,7.505,7.499,7.552,7.618,7.841,7.934,7.471,7.457,7.453,7.481,7.47,7.535,7.549,7.705,7.709,7.493,7.461,7.64,7.689,7.573,7.572,7.571,7.558,7.492,7.492,7.495,7.517,7.501
1.568055556,7.505,7.499,7.551,7.617,7.841,7.934,7.471,7.457,7.453,7.481,7.469,7.536,7.549,7.705,7.709,7.493,7.461,7.64,7.689,7.573,7.571,7.571,7.558,7.492,7.492,7.495,7.517,7.5
1.569444444,7.505,7.499,7.551,7.617,7.841,7.934,7.471,7.457,7.453,7.481,7.469,7.536,7.549,7.705,7.709,7.493,7.46,7.64,7.689,7.573,7.571,7.571,7.558,7.492,7.492,7.495,7.517,7.5
1.570833333,7.505,7.499,7.552,7.617,7.841,7.934,7.471,7.457,7.453,7.481,7.469,7.535,7.549,7.705,7.709,7.493,7.46,7.64,7.689,7.572,7.571,7.571,7.558,7.492,7.492,7.495,7.517,7.5
1.572222222,7.505,7.499,7.552,7.617,7.841,7.933,7.471,7.457,7.453,7.481,7.47,7.535,7.549,7.705,7.709,7.492,7.46,7.639,7.689,7.572,7.571,7.571,7.557,7.492,7.491,7.495,7.517,7.5
1.573611111,7.505,7.499,7.552,7.617,7.841,7.933,7.471,7.457,7.452,7.481,7.47,7.535,7.549,7.705,7.709,7.492,7.46,7.639,7.689,7.572,7.571,7.571,7.557,7.492,7.492,7.495,7.517,7.5
1.575,7.505,7.499,7.552,7.617,7.841,7.932,7.47,7.457,7.452,7.481,7.47,7.534,7.549,7.704,7.709,7.492,7.46,7.64,7.688,7.572,7.57,7.571,7.557,7.492,7.492,7.495,7.517,7.5
1.576388889,7.505,7.499,7.551,7.617,7.841,7.932,7.47,7.457,7.453,7.481,7.47,7.534,7.549,7.704,7.709,7.492,7.46,7.64,7.688,7.571,7.57,7.57,7.557,7.492,7.492,7.494,7.517,7.5
1.577777778,7.505,7.499,7.55,7.617,7.84,7.932,7.471,7.457,7.453,7.481,7.469,7.535,7.549,7.705,7.708,7.492,7.46,7.639,7.688,7.571,7.571,7.57,7.557,7.492,7.491,7.495,7.517,7.5
1.579166667,7.504,7.499,7.55,7.616,7.84,7.931,7.471,7.457,7.452,7.481,7.469,7.535,7.549,7.704,7.707,7.491,7.46,7.639,7.688,7.571,7.57,7.57,7.557,7.492,7.491,7.495,7.516,7.5
1.580555556,7.504,7.499,7.55,7.616,7.839,7.931,7.47,7.457,7.452,7.481,7.469,7.535,7.549,7.704,7.708,7.491,7.46,7.639,7.688,7.571,7.57,7.57,7.557,7.492,7.491,7.495,7.516,7.5
1.581944444,7.504,7.499,7.55,7.615,7.839,7.93,7.47,7.457,7.452,7.481,7.469,7.534,7.549,7.703,7.709,7.491,7.46,7.638,7.688,7.571,7.57,7.57,7.556,7.492,7.49,7.495,7.516,7.5
1.583333333,7.504,7.499,7.55,7.615,7.839,7.93,7.47,7.457,7.452,7.481,7.469,7.534,7.548,7.703,7.708,7.491,7.46,7.638,7.688,7.571,7.57,7.57,7.556,7.492,7.491,7.494,7.516,7.5
1.584722222,7.504,7.499,7.55,7.616,7.839,7.929,7.471,7.456,7.452,7.481,7.469,7.534,7.547,7.703,7.708,7.491,7.46,7.638,7.688,7.571,7.57,7.57,7.557,7.491,7.491,7.494,7.516,7.5
1.586111111,7.503,7.499,7.55,7.615,7.838,7.929,7.471,7.455,7.452,7.481,7.469,7.534,7.548,7.703,7.708,7.492,7.46,7.638,7.688,7.571,7.57,7.57,7.557,7.491,7.491,7.494,7.516,7.5
1.5875,7.503,7.499,7.55,7.615,7.838,7.929,7.47,7.455,7.452,7.481,7.469,7.534,7.548,7.703,7.707,7.492,7.46,7.638,7.688,7.571,7.57,7.57,7.556,7.491,7.491,7.495,7.516,7.5
1.588888889,7.503,7.498,7.55,7.615,7.838,7.928,7.471,7.456,7.452,7.481,7.469,7.534,7.547,7.703,7.708,7.491,7.46,7.638,7.688,7.571,7.57,7.57,7.556,7.49,7.49,7.494,7.516,7.5
1.590277778,7.503,7.498,7.55,7.615,7.838,7.928,7.471,7.456,7.452,7.481,7.469,7.534,7.547,7.703,7.708,7.491,7.46,7.638,7.688,7.57,7.57,7.57,7.556,7.49,7.49,7.493,7.516,7.5
1.591666667,7.503,7.498,7.55,7.614,7.838,7.928,7.47,7.457,7.452,7.481,7.469,7.534,7.547,7.703,7.707,7.491,7.46,7.638,7.688,7.57,7.569,7.57,7.556,7.491,7.49,7.494,7.516,7.5
1.593055556,7.503,7.498,7.55,7.614,7.838,7.928,7.469,7.456,7.452,7.48,7.469,7.534,7.547,7.703,7.707,7.491,7.46,7.638,7.688,7.571,7.569,7.57,7.556,7.491,7.49,7.494,7.516,7.5
1.594444444,7.503,7.498,7.549,7.614,7.838,7.927,7.47,7.455,7.452,7.48,7.469,7.533,7.547,7.703,7.707,7.491,7.46,7.637,7.687,7.571,7.569,7.57,7.556,7.49,7.49,7.494,7.516,7.5
1.595833333,7.503,7.498,7.549,7.613,7.838,7.926,7.47,7.455,7.452,7.48,7.469,7.533,7.547,7.702,7.707,7.491,7.459,7.638,7.687,7.571,7.569,7.57,7.556,7.49,7.49,7.494,7.516,7.499
1.597222222,7.503,7.498,7.549,7.613,7.838,7.926,7.469,7.456,7.452,7.48,7.469,7.533,7.547,7.702,7.707,7.491,7.459,7.638,7.686,7.571,7.568,7.569,7.556,7.49,7.49,7.494,7.516,7.499
1.598611111,7.503,7.498,7.549,7.613,7.837,7.926,7.47,7.456,7.452,7.48,7.469,7.533,7.547,7.702,7.707,7.491,7.459,7.638,7.686,7.57,7.568,7.569,7.556,7.49,7.49,7.494,7.516,7.499
1.6,7.503,7.498,7.549,7.613,7.836,7.925,7.47,7.456,7.452,7.48,7.468,7.533,7.547,7.702,7.707,7.491,7.459,7.637,7.686,7.57,7.569,7.57,7.556,7.49,7.49,7.494,7.516,7.498
1.601388889,7.503,7.498,7.549,7.613,7.836,7.925,7.47,7.456,7.452,7.48,7.468,7.534,7.547,7.702,7.707,7.491,7.459,7.637,7.686,7.57,7.57,7.569,7.556,7.49,7.49,7.493,7.516,7.499
1.602777778,7.503,7.498,7.549,7.613,7.836,7.924,7.47,7.456,7.451,7.479,7.468,7.533,7.547,7.702,7.706,7.491,7.459,7.637,7.686,7.57,7.569,7.568,7.556,7.49,7.49,7.493,7.516,7.499
1.604166667,7.503,7.498,7.549,7.614,7.836,7.924,7.469,7.456,7.452,7.48,7.468,7.532,7.547,7.702,7.706,7.491,7.459,7.636,7.686,7.57,7.569,7.569,7.556,7.49,7.49,7.493,7.516,7.5
1.605555556,7.502,7.498,7.549,7.613,7.836,7.924,7.469,7.456,7.452,7.48,7.468,7.532,7.547,7.702,7.705,7.491,7.459,7.636,7.686,7.57,7.569,7.568,7.555,7.49,7.49,7.493,7.516,7.5
1.606944444,7.502,7.498,7.548,7.613,7.836,7.924,7.469,7.456,7.452,7.48,7.468,7.532,7.547,7.702,7.706,7.491,7.459,7.636,7.686,7.57,7.568,7.568,7.555,7.49,7.49,7.493,7.516,7.499
1.608333333,7.502,7.498,7.548,7.613,7.836,7.923,7.469,7.456,7.451,7.479,7.468,7.532,7.547,7.702,7.706,7.491,7.459,7.636,7.685,7.57,7.568,7.568,7.554,7.49,7.49,7.493,7.515,7.499
1.609722222,7.502,7.498,7.547,7.613,7.835,7.923,7.469,7.455,7.451,7.479,7.469,7.532,7.546,7.701,7.705,7.491,7.459,7.636,7.686,7.57,7.568,7.568,7.555,7.49,7.49,7.493,7.515,7.498
1.611111111,7.502,7.497,7.548,7.612,7.835,7.923,7.469,7.455,7.451,7.479,7.469,7.532,7.547,7.701,7.705,7.49,7.459,7.636,7.686,7.57,7.568,7.568,7.555,7.49,7.49,7.493,7.515,7.498
1.6125,7.502,7.498,7.548,7.612,7.834,7.923,7.469,7.455,7.451,7.479,7.468,7.531,7.546,7.701,7.705,7.49,7.459,7.636,7.686,7.569,7.568,7.568,7.554,7.49,7.49,7.493,7.515,7.498
1.613888889,7.502,7.498,7.548,7.612,7.834,7.922,7.469,7.455,7.451,7.479,7.468,7.532,7.546,7.701,7.705,7.49,7.459,7.636,7.685,7.569,7.568,7.568,7.554,7.49,7.49,7.493,7.515,7.498
1.615277778,7.502,7.497,7.547,7.612,7.834,7.921,7.469,7.455,7.451,7.479,7.468,7.532,7.545,7.701,7.705,7.49,7.459,7.636,7.684,7.569,7.568,7.568,7.554,7.489,7.49,7.493,7.515,7.498
1.616666667,7.502,7.497,7.547,7.611,7.834,7.921,7.469,7.455,7.451,7.479,7.468,7.532,7.546,7.7,7.705,7.49,7.458,7.636,7.685,7.57,7.568,7.568,7.554,7.489,7.49,7.493,7.514,7.498
1.618055556,7.502,7.497,7.547,7.611,7.834,7.921,7.469,7.455,7.451,7.479,7.467,7.532,7.546,7.701,7.705,7.49,7.458,7.636,7.685,7.569,7.567,7.567,7.554,7.49,7.49,7.493,7.514,7.498
1.619444444,7.502,7.497,7.547,7.611,7.834,7.92,7.469,7.455,7.452,7.479,7.467,7.532,7.545,7.7,7.704,7.49,7.458,7.636,7.684,7.569,7.567,7.567,7.554,7.49,7.49,7.493,7.515,7.498
1.620833333,7.502,7.497,7.547,7.611,7.834,7.919,7.469,7.455,7.451,7.479,7.467,7.532,7.545,7.7,7.703,7.49,7.459,7.636,7.684,7.569,7.567,7.567,7.554,7.49,7.49,7.493,7.515,7.498
1.622222222,7.502,7.496,7.547,7.611,7.834,7.919,7.469,7.455,7.451,7.479,7.467,7.532,7.545,7.7,7.704,7.49,7.459,7.635,7.684,7.568,7.567,7.568,7.554,7.489,7.489,7.493,7.514,7.498
1.623611111,7.502,7.496,7.547,7.611,7.833,7.918,7.468,7.455,7.451,7.479,7.467,7.532,7.545,7.7,7.705,7.489,7.459,7.635,7.684,7.568,7.567,7.568,7.554,7.489,7.489,7.493,7.515,7.498
1.625,7.502,7.496,7.547,7.611,7.833,7.918,7.469,7.455,7.451,7.479,7.468,7.531,7.545,7.7,7.705,7.489,7.458,7.636,7.684,7.569,7.566,7.568,7.554,7.489,7.49,7.493,7.515,7.498
1.626388889,7.502,7.496,7.547,7.611,7.833,7.918,7.469,7.455,7.451,7.479,7.467,7.531,7.545,7.7,7.705,7.489,7.457,7.635,7.684,7.569,7.566,7.567,7.554,7.489,7.49,7.493,7.514,7.498
1.627777778,7.502,7.496,7.547,7.611,7.832,7.917,7.469,7.455,7.45,7.478,7.467,7.531,7.545,7.7,7.704,7.489,7.458,7.634,7.684,7.568,7.566,7.567,7.554,7.489,7.49,7.492,7.514,7.498
1.629166667,7.501,7.496,7.547,7.61,7.832,7.917,7.468,7.454,7.45,7.478,7.467,7.531,7.545,7.7,7.704,7.489,7.457,7.634,7.684,7.568,7.566,7.567,7.554,7.489,7.49,7.492,7.514,7.498
1.630555556,7.5,7.496,7.547,7.61,7.832,7.917,7.467,7.455,7.451,7.479,7.467,7.53,7.545,7.7,7.704,7.489,7.457,7.634,7.684,7.568,7.566,7.567,7.553,7.488,7.49,7.492,7.514,7.498
1.631944444,7.501,7.496,7.547,7.611,7.832,7.917,7.468,7.454,7.45,7.479,7.467,7.53,7.545,7.699,7.703,7.489,7.457,7.634,7.684,7.568,7.566,7.567,7.553,7.488,7.49,7.492,7.514,7.498
1.633333333,7.502,7.496,7.546,7.61,7.832,7.917,7.468,7.454,7.45,7.479,7.467,7.531,7.545,7.699,7.703,7.489,7.457,7.634,7.684,7.568,7.566,7.566,7.553,7.488,7.49,7.493,7.514,7.498
1.634722222,7.501,7.496,7.546,7.61,7.831,7.916,7.468,7.455,7.451,7.478,7.467,7.531,7.545,7.7,7.703,7.489,7.457,7.634,7.684,7.568,7.566,7.566,7.552,7.488,7.489,7.492,7.514,7.498
1.636111111,7.5,7.496,7.546,7.61,7.831,7.915,7.469,7.454,7.451,7.479,7.467,7.53,7.545,7.7,7.703,7.489,7.457,7.634,7.683,7.568,7.566,7.566,7.552,7.488,7.489,7.492,7.514,7.498
1.6375,7.5,7.496,7.546,7.61,7.831,7.914,7.469,7.454,7.45,7.479,7.467,7.529,7.545,7.7,7.703,7.489,7.457,7.634,7.683,7.568,7.566,7.566,7.552,7.488,7.489,7.492,7.514,7.498
1.638888889,7.501,7.496,7.546,7.61,7.831,7.914,7.468,7.455,7.45,7.479,7.467,7.53,7.545,7.7,7.703,7.489,7.457,7.634,7.682,7.568,7.566,7.566,7.552,7.488,7.489,7.492,7.514,7.498
1.640277778,7.501,7.496,7.546,7.61,7.831,7.914,7.467,7.455,7.45,7.479,7.467,7.531,7.545,7.699,7.703,7.489,7.457,7.634,7.682,7.568,7.566,7.566,7.552,7.488,7.489,7.492,7.514,7.498
1.641666667,7.5,7.495,7.545,7.61,7.83,7.913,7.467,7.455,7.45,7.479,7.467,7.53,7.545,7.699,7.703,7.489,7.457,7.634,7.682,7.567,7.566,7.566,7.552,7.488,7.489,7.492,7.514,7.498
1.643055556,7.5,7.495,7.545,7.609,7.829,7.913,7.467,7.455,7.45,7.478,7.467,7.529,7.545,7.698,7.702,7.489,7.457,7.633,7.682,7.567,7.566,7.566,7.552,7.488,7.489,7.492,7.514,7.498
1.644444444,7.5,7.495,7.546,7.61,7.829,7.912,7.467,7.454,7.45,7.479,7.467,7.529,7.545,7.698,7.702,7.489,7.457,7.633,7.682,7.567,7.566,7.566,7.552,7.488,7.489,7.492,7.513,7.498
1.645833333,7.5,7.495,7.546,7.609,7.828,7.912,7.467,7.454,7.45,7.479,7.467,7.529,7.544,7.698,7.702,7.489,7.457,7.633,7.683,7.567,7.566,7.565,7.552,7.488,7.489,7.492,7.513,7.498
1.647222222,7.5,7.495,7.545,7.609,7.828,7.912,7.468,7.454,7.45,7.479,7.466,7.529,7.544,7.698,7.703,7.489,7.457,7.634,7.683,7.567,7.565,7.565,7.552,7.488,7.489,7.492,7.513,7.497
1.648611111,7.5,7.495,7.545,7.608,7.828,7.912,7.468,7.453,7.45,7.478,7.466,7.53,7.544,7.698,7.702,7.489,7.457,7.633,7.682,7.567,7.565,7.566,7.552,7.487,7.489,7.492,7.513,7.497
1.65,7.5,7.495,7.545,7.608,7.828,7.911,7.468,7.454,7.449,7.477,7.467,7.53,7.544,7.698,7.702,7.488,7.457,7.634,7.682,7.566,7.566,7.566,7.552,7.487,7.489,7.492,7.514,7.498
1.651388889,7.5,7.494,7.545,7.608,7.829,7.911,7.467,7.454,7.45,7.477,7.467,7.53,7.544,7.698,7.702,7.488,7.457,7.634,7.682,7.566,7.565,7.566,7.551,7.487,7.489,7.492,7.514,7.498
1.652777778,7.5,7.494,7.545,7.608,7.829,7.911,7.467,7.454,7.45,7.478,7.466,7.53,7.544,7.698,7.702,7.488,7.456,7.633,7.682,7.567,7.565,7.565,7.551,7.487,7.489,7.492,7.514,7.497
1.654166667,7.5,7.494,7.545,7.608,7.829,7.911,7.468,7.454,7.45,7.478,7.466,7.529,7.544,7.698,7.702,7.488,7.456,7.633,7.682,7.567,7.565,7.565,7.551,7.487,7.489,7.492,7.514,7.497
1.655555556,7.5,7.494,7.545,7.608,7.828,7.91,7.468,7.453,7.45,7.478,7.466,7.529,7.544,7.698,7.702,7.488,7.457,7.633,7.682,7.566,7.565,7.565,7.551,7.487,7.489,7.492,7.513,7.497
1.656944444,7.499,7.494,7.544,7.608,7.827,7.909,7.467,7.453,7.45,7.477,7.466,7.529,7.543,7.698,7.702,7.488,7.456,7.633,7.681,7.566,7.565,7.564,7.551,7.487,7.489,7.492,7.512,7.497
1.658333333,7.499,7.494,7.544,7.607,7.828,7.909,7.467,7.453,7.449,7.477,7.466,7.529,7.543,7.698,7.701,7.488,7.456,7.633,7.681,7.566,7.565,7.564,7.551,7.487,7.489,7.492,7.512,7.496
1.659722222,7.5,7.494,7.544,7.608,7.828,7.909,7.467,7.453,7.45,7.477,7.465,7.529,7.543,7.697,7.7,7.488,7.456,7.633,7.681,7.566,7.565,7.564,7.551,7.487,7.489,7.492,7.512,7.497
1.661111111,7.5,7.494,7.545,7.607,7.828,7.908,7.467,7.453,7.449,7.477,7.465,7.529,7.542,7.698,7.701,7.488,7.456,7.633,7.681,7.566,7.564,7.564,7.551,7.487,7.489,7.492,7.513,7.497
1.6625,7.499,7.494,7.544,7.607,7.827,7.907,7.467,7.453,7.448,7.478,7.465,7.529,7.542,7.697,7.701,7.488,7.455,7.633,7.681,7.566,7.564,7.564,7.551,7.487,7.489,7.492,7.513,7.497
1.663888889,7.498,7.494,7.544,7.606,7.827,7.907,7.467,7.453,7.449,7.478,7.465,7.529,7.543,7.697,7.701,7.488,7.455,7.633,7.681,7.566,7.564,7.564,7.551,7.487,7.489,7.492,7.513,7.496
1.665277778,7.498,7.494,7.544,7.607,7.827,7.906,7.467,7.453,7.45,7.477,7.465,7.529,7.543,7.697,7.701,7.488,7.455,7.633,7.681,7.566,7.564,7.564,7.551,7.487,7.489,7.491,7.512,7.497
1.666666667,7.498,7.494,7.544,7.607,7.827,7.906,7.467,7.453,7.45,7.477,7.466,7.529,7.544,7.697,7.701,7.488,7.455,7.632,7.681,7.566,7.564,7.564,7.551,7.487,7.489,7.491,7.512,7.496
1.668055556,7.498,7.494,7.544,7.607,7.827,7.906,7.467,7.453,7.449,7.477,7.467,7.529,7.543,7.697,7.7,7.488,7.455,7.632,7.681,7.565,7.564,7.564,7.551,7.487,7.489,7.491,7.512,7.496
1.669444444,7.498,7.494,7.544,7.606,7.826,7.906,7.467,7.453,7.45,7.477,7.466,7.529,7.542,7.696,7.7,7.488,7.455,7.632,7.681,7.564,7.563,7.564,7.551,7.486,7.489,7.492,7.512,7.497
1.670833333,7.498,7.494,7.544,7.606,7.826,7.905,7.466,7.453,7.449,7.477,7.465,7.528,7.542,7.696,7.7,7.488,7.455,7.632,7.681,7.565,7.563,7.564,7.551,7.486,7.488,7.492,7.512,7.497
1.672222222,7.498,7.494,7.544,7.606,7.826,7.905,7.466,7.453,7.448,7.478,7.465,7.527,7.543,7.696,7.7,7.488,7.455,7.631,7.68,7.565,7.563,7.564,7.551,7.486,7.488,7.491,7.513,7.497
1.673611111,7.498,7.493,7.544,7.606,7.826,7.905,7.467,7.453,7.448,7.478,7.465,7.528,7.543,7.696,7.7,7.488,7.455,7.631,7.681,7.565,7.563,7.564,7.551,7.487,7.489,7.49,7.513,7.497
1.675,7.498,7.493,7.543,7.606,7.826,7.903,7.467,7.453,7.448,7.478,7.465,7.528,7.542,7.696,7.7,7.488,7.455,7.631,7.681,7.566,7.563,7.564,7.551,7.487,7.489,7.491,7.513,7.497
1.676388889,7.498,7.493,7.543,7.606,7.826,7.903,7.467,7.453,7.448,7.477,7.465,7.528,7.542,7.696,7.7,7.488,7.455,7.631,7.68,7.565,7.563,7.564,7.551,7.486,7.488,7.491,7.512,7.496
1.677777778,7.498,7.493,7.544,7.605,7.826,7.903,7.467,7.453,7.448,7.477,7.466,7.527,7.542,7.697,7.7,7.488,7.455,7.631,7.679,7.564,7.563,7.564,7.55,7.486,7.487,7.49,7.512,7.496
1.679166667,7.498,7.494,7.543,7.605,7.825,7.902,7.467,7.453,7.448,7.477,7.466,7.527,7.542,7.696,7.7,7.488,7.455,7.631,7.679,7.564,7.563,7.564,7.55,7.486,7.487,7.491,7.512,7.496
1.680555556,7.498,7.493,7.543,7.605,7.825,7.902,7.466,7.453,7.448,7.477,7.465,7.528,7.541,7.695,7.7,7.488,7.455,7.631,7.679,7.564,7.563,7.564,7.55,7.486,7.488,7.491,7.512,7.496
1.681944444,7.498,7.493,7.544,7.605,7.824,7.902,7.466,7.453,7.448,7.477,7.465,7.528,7.541,7.695,7.7,7.488,7.455,7.631,7.679,7.564,7.562,7.563,7.55,7.486,7.488,7.491,7.512,7.496
1.683333333,7.498,7.493,7.544,7.605,7.825,7.902,7.466,7.453,7.448,7.477,7.465,7.527,7.542,7.695,7.7,7.487,7.455,7.631,7.679,7.564,7.562,7.563,7.549,7.486,7.487,7.491,7.512,7.496
1.684722222,7.498,7.493,7.543,7.605,7.824,7.901,7.466,7.453,7.448,7.477,7.464,7.527,7.542,7.696,7.7,7.487,7.455,7.63,7.679,7.564,7.562,7.563,7.549,7.485,7.488,7.49,7.512,7.496
1.686111111,7.498,7.493,7.542,7.605,7.824,7.901,7.466,7.452,7.448,7.477,7.464,7.527,7.542,7.695,7.699,7.487,7.454,7.631,7.679,7.564,7.562,7.563,7.549,7.485,7.488,7.49,7.512,7.496
1.6875,7.497,7.493,7.542,7.605,7.824,7.9,7.466,7.452,7.448,7.477,7.464,7.527,7.541,7.695,7.699,7.486,7.454,7.631,7.679,7.564,7.563,7.563,7.549,7.485,7.488,7.49,7.512,7.496
1.688888889,7.498,7.493,7.542,7.605,7.824,7.9,7.466,7.452,7.448,7.477,7.465,7.527,7.541,7.695,7.699,7.486,7.454,7.631,7.679,7.564,7.563,7.563,7.549,7.485,7.487,7.49,7.512,7.496
1.690277778,7.498,7.493,7.542,7.605,7.824,7.899,7.466,7.452,7.448,7.477,7.465,7.527,7.542,7.695,7.7,7.487,7.454,7.63,7.679,7.564,7.563,7.563,7.549,7.485,7.488,7.49,7.512,7.496
1.691666667,7.497,7.493,7.542,7.605,7.824,7.899,7.466,7.452,7.448,7.477,7.464,7.527,7.541,7.695,7.7,7.486,7.454,7.63,7.679,7.564,7.563,7.563,7.549,7.485,7.488,7.49,7.512,7.496
1.693055556,7.496,7.493,7.542,7.605,7.824,7.899,7.466,7.452,7.448,7.476,7.464,7.527,7.54,7.695,7.699,7.486,7.454,7.63,7.679,7.564,7.563,7.563,7.548,7.485,7.488,7.49,7.512,7.496
1.694444444,7.496,7.493,7.542,7.605,7.823,7.899,7.466,7.452,7.448,7.477,7.464,7.527,7.541,7.695,7.698,7.486,7.454,7.63,7.679,7.564,7.562,7.563,7.548,7.485,7.487,7.49,7.512,7.496
1.695833333,7.496,7.493,7.542,7.605,7.822,7.898,7.466,7.452,7.448,7.477,7.465,7.527,7.54,7.695,7.698,7.486,7.453,7.63,7.679,7.564,7.561,7.563,7.549,7.485,7.488,7.49,7.512,7.495
1.697222222,7.496,7.492,7.542,7.604,7.822,7.897,7.466,7.452,7.448,7.477,7.464,7.527,7.541,7.695,7.698,7.486,7.453,7.629,7.679,7.563,7.561,7.563,7.548,7.485,7.487,7.49,7.512,7.496
1.698611111,7.496,7.492,7.541,7.604,7.822,7.897,7.466,7.452,7.448,7.477,7.464,7.527,7.541,7.695,7.698,7.486,7.453,7.629,7.678,7.563,7.561,7.563,7.548,7.485,7.487,7.49,7.512,7.496
1.7,7.496,7.493,7.541,7.603,7.822,7.897,7.466,7.452,7.448,7.477,7.464,7.526,7.541,7.694,7.698,7.486,7.453,7.629,7.678,7.563,7.561,7.563,7.549,7.485,7.487,7.49,7.512,7.496
1.701388889,7.496,7.492,7.541,7.604,7.822,7.896,7.466,7.452,7.448,7.476,7.464,7.526,7.541,7.694,7.698,7.486,7.453,7.629,7.677,7.563,7.561,7.563,7.548,7.485,7.487,7.49,7.512,7.495
1.702777778,7.496,7.492,7.54,7.604,7.822,7.896,7.466,7.452,7.448,7.476,7.464,7.526,7.54,7.694,7.698,7.486,7.453,7.629,7.677,7.563,7.561,7.562,7.547,7.485,7.487,7.49,7.511,7.495
1.704166667,7.496,7.492,7.541,7.603,7.822,7.895,7.466,7.452,7.447,7.476,7.465,7.527,7.54,7.693,7.698,7.486,7.453,7.629,7.678,7.563,7.561,7.562,7.547,7.485,7.487,7.49,7.51,7.496
1.705555556,7.496,7.491,7.541,7.603,7.822,7.895,7.466,7.452,7.447,7.476,7.464,7.526,7.54,7.693,7.698,7.486,7.453,7.629,7.678,7.563,7.561,7.562,7.547,7.485,7.487,7.49,7.511,7.496
1.706944444,7.496,7.491,7.541,7.603,7.822,7.895,7.466,7.452,7.447,7.476,7.464,7.526,7.54,7.693,7.698,7.486,7.453,7.629,7.677,7.563,7.561,7.562,7.547,7.485,7.487,7.49,7.511,7.495
1.708333333,7.496,7.492,7.54,7.603,7.821,7.894,7.466,7.452,7.447,7.476,7.464,7.526,7.54,7.693,7.698,7.485,7.453,7.629,7.677,7.563,7.561,7.563,7.547,7.485,7.487,7.49,7.51,7.495
1.709722222,7.496,7.491,7.54,7.602,7.821,7.894,7.466,7.452,7.447,7.476,7.464,7.526,7.54,7.693,7.697,7.485,7.453,7.629,7.677,7.562,7.56,7.562,7.547,7.485,7.487,7.49,7.51,7.495
1.711111111,7.496,7.491,7.54,7.603,7.821,7.894,7.466,7.452,7.447,7.476,7.464,7.526,7.54,7.693,7.697,7.486,7.453,7.628,7.677,7.562,7.561,7.561,7.547,7.485,7.487,7.49,7.511,7.495
1.7125,7.496,7.491,7.54,7.603,7.821,7.893,7.465,7.452,7.447,7.476,7.464,7.526,7.54,7.693,7.697,7.485,7.453,7.628,7.677,7.563,7.561,7.561,7.547,7.485,7.487,7.49,7.511,7.495
1.713888889,7.496,7.492,7.54,7.602,7.821,7.892,7.465,7.452,7.448,7.476,7.464,7.526,7.539,7.693,7.697,7.485,7.453,7.629,7.677,7.563,7.561,7.561,7.547,7.484,7.487,7.49,7.51,7.495
1.715277778,7.496,7.491,7.54,7.602,7.821,7.892,7.465,7.452,7.448,7.476,7.464,7.526,7.539,7.693,7.697,7.486,7.453,7.629,7.677,7.563,7.561,7.561,7.547,7.483,7.487,7.49,7.51,7.495
1.716666667,7.496,7.491,7.54,7.602,7.82,7.892,7.464,7.452,7.448,7.476,7.464,7.526,7.539,7.693,7.697,7.485,7.453,7.628,7.677,7.563,7.561,7.562,7.547,7.484,7.487,7.49,7.511,7.495
1.718055556,7.496,7.491,7.54,7.602,7.82,7.892,7.464,7.452,7.447,7.476,7.464,7.526,7.539,7.693,7.697,7.484,7.452,7.628,7.677,7.562,7.56,7.561,7.547,7.483,7.487,7.489,7.511,7.495
1.719444444,7.496,7.491,7.54,7.601,7.821,7.892,7.465,7.452,7.447,7.476,7.464,7.526,7.539,7.693,7.697,7.484,7.452,7.628,7.677,7.562,7.56,7.561,7.547,7.483,7.487,7.49,7.51,7.494
1.720833333,7.496,7.491,7.54,7.601,7.82,7.891,7.464,7.452,7.447,7.476,7.464,7.525,7.539,7.693,7.697,7.484,7.452,7.628,7.676,7.562,7.56,7.561,7.547,7.484,7.487,7.49,7.51,7.494
1.722222222,7.496,7.491,7.54,7.601,7.819,7.89,7.464,7.452,7.447,7.476,7.464,7.525,7.539,7.693,7.697,7.484,7.452,7.628,7.676,7.561,7.559,7.561,7.547,7.484,7.487,7.49,7.51,7.495
1.723611111,7.496,7.491,7.54,7.601,7.819,7.89,7.465,7.451,7.447,7.476,7.464,7.525,7.539,7.693,7.697,7.485,7.452,7.628,7.676,7.561,7.559,7.561,7.547,7.483,7.487,7.489,7.51,7.494
1.725,7.495,7.491,7.54,7.601,7.819,7.89,7.465,7.451,7.447,7.476,7.464,7.524,7.538,7.692,7.696,7.486,7.452,7.628,7.676,7.561,7.559,7.561,7.547,7.483,7.487,7.488,7.51,7.494
1.726388889,7.495,7.491,7.54,7.601,7.819,7.89,7.465,7.451,7.447,7.476,7.464,7.524,7.538,7.691,7.696,7.485,7.452,7.628,7.676,7.561,7.559,7.561,7.546,7.483,7.487,7.488,7.51,7.495
1.727777778,7.495,7.491,7.54,7.6,7.819,7.889,7.465,7.451,7.447,7.476,7.463,7.524,7.538,7.692,7.696,7.485,7.452,7.628,7.676,7.561,7.559,7.561,7.546,7.483,7.487,7.488,7.51,7.495
1.729166667,7.495,7.491,7.539,7.6,7.819,7.889,7.464,7.451,7.447,7.476,7.463,7.524,7.538,7.692,7.696,7.484,7.452,7.628,7.676,7.561,7.559,7.561,7.546,7.483,7.487,7.488,7.51,7.495
1.730555556,7.495,7.491,7.538,7.6,7.819,7.888,7.464,7.451,7.447,7.476,7.464,7.524,7.538,7.692,7.696,7.484,7.452,7.627,7.676,7.561,7.559,7.56,7.546,7.483,7.486,7.488,7.51,7.495
1.731944444,7.495,7.491,7.538,7.601,7.818,7.887,7.464,7.45,7.447,7.476,7.464,7.524,7.538,7.692,7.695,7.484,7.452,7.627,7.676,7.561,7.559,7.56,7.546,7.483,7.486,7.488,7.51,7.495
1.733333333,7.495,7.491,7.538,7.601,7.818,7.887,7.464,7.451,7.447,7.475,7.464,7.525,7.538,7.691,7.695,7.484,7.452,7.627,7.675,7.561,7.559,7.56,7.546,7.483,7.487,7.488,7.51,7.495
1.734722222,7.495,7.491,7.538,7.601,7.817,7.887,7.464,7.451,7.447,7.476,7.464,7.525,7.538,7.692,7.695,7.484,7.452,7.627,7.675,7.561,7.559,7.56,7.546,7.483,7.487,7.488,7.51,7.494
1.736111111,7.495,7.49,7.538,7.6,7.817,7.887,7.464,7.451,7.447,7.475,7.464,7.524,7.538,7.692,7.695,7.484,7.452,7.627,7.675,7.561,7.559,7.56,7.546,7.483,7.486,7.488,7.51,7.494
1.7375,7.495,7.491,7.538,7.6,7.817,7.886,7.464,7.45,7.447,7.475,7.464,7.524,7.538,7.691,7.695,7.484,7.452,7.626,7.675,7.561,7.559,7.559,7.546,7.483,7.487,7.488,7.51,7.495
1.738888889,7.495,7.491,7.538,7.6,7.817,7.885,7.464,7.45,7.447,7.475,7.463,7.524,7.538,7.691,7.695,7.484,7.452,7.626,7.675,7.561,7.559,7.56,7.546,7.483,7.487,7.488,7.509,7.494
1.740277778,7.495,7.491,7.538,7.6,7.816,7.885,7.464,7.451,7.447,7.475,7.463,7.524,7.538,7.691,7.695,7.484,7.452,7.627,7.675,7.561,7.559,7.56,7.546,7.483,7.486,7.488,7.509,7.494
1.741666667,7.495,7.49,7.538,7.6,7.816,7.885,7.464,7.45,7.446,7.476,7.464,7.524,7.538,7.691,7.695,7.484,7.452,7.626,7.675,7.561,7.558,7.56,7.545,7.482,7.486,7.488,7.509,7.494
1.743055556,7.495,7.489,7.538,7.6,7.817,7.884,7.464,7.45,7.446,7.475,7.463,7.524,7.538,7.69,7.695,7.484,7.451,7.626,7.675,7.56,7.558,7.56,7.545,7.482,7.486,7.488,7.51,7.495
1.744444444,7.495,7.49,7.538,7.6,7.817,7.884,7.464,7.451,7.446,7.474,7.462,7.524,7.538,7.69,7.695,7.484,7.451,7.626,7.674,7.56,7.558,7.559,7.545,7.482,7.485,7.488,7.51,7.494
1.745833333,7.495,7.49,7.538,7.6,7.817,7.884,7.464,7.451,7.447,7.474,7.462,7.524,7.538,7.69,7.695,7.484,7.452,7.626,7.674,7.56,7.559,7.559,7.546,7.483,7.486,7.488,7.509,7.494
1.747222222,7.495,7.489,7.538,7.6,7.816,7.883,7.464,7.45,7.447,7.474,7.463,7.523,7.538,7.69,7.695,7.484,7.451,7.626,7.674,7.56,7.559,7.559,7.546,7.483,7.487,7.488,7.509,7.494
1.748611111,7.494,7.489,7.538,7.6,7.815,7.883,7.464,7.45,7.447,7.474,7.464,7.523,7.537,7.69,7.695,7.484,7.451,7.626,7.674,7.56,7.558,7.559,7.546,7.482,7.486,7.488,7.509,7.494
1.75,7.493,7.489,7.537,7.6,7.815,7.882,7.464,7.45,7.446,7.474,7.463,7.524,7.537,7.69,7.695,7.484,7.45,7.626,7.674,7.56,7.558,7.559,7.545,7.482,7.485,7.488,7.509,7.493
1.751388889,7.493,7.489,7.538,7.599,7.815,7.882,7.464,7.45,7.446,7.474,7.462,7.524,7.537,7.69,7.694,7.483,7.45,7.625,7.674,7.56,7.558,7.559,7.545,7.483,7.485,7.488,7.509,7.494
1.752777778,7.494,7.489,7.538,7.598,7.815,7.882,7.464,7.45,7.447,7.474,7.462,7.524,7.537,7.69,7.693,7.483,7.451,7.625,7.674,7.56,7.558,7.559,7.546,7.482,7.485,7.488,7.51,7.494
1.754166667,7.494,7.489,7.538,7.598,7.815,7.882,7.464,7.45,7.447,7.474,7.462,7.523,7.537,7.69,7.694,7.483,7.451,7.625,7.674,7.56,7.558,7.559,7.545,7.482,7.485,7.488,7.509,7.494
1.755555556,7.494,7.489,7.537,7.598,7.815,7.881,7.464,7.45,7.447,7.474,7.462,7.523,7.537,7.69,7.693,7.483,7.45,7.625,7.673,7.559,7.558,7.559,7.544,7.483,7.485,7.488,7.509,7.494
1.756944444,7.493,7.489,7.537,7.598,7.814,7.88,7.463,7.45,7.446,7.474,7.462,7.523,7.537,7.69,7.693,7.483,7.45,7.626,7.673,7.559,7.558,7.559,7.544,7.482,7.485,7.488,7.509,7.494
1.758333333,7.493,7.489,7.537,7.598,7.814,7.88,7.463,7.45,7.445,7.474,7.462,7.524,7.537,7.69,7.693,7.483,7.45,7.626,7.673,7.559,7.557,7.559,7.544,7.482,7.485,7.488,7.509,7.493
1.759722222,7.493,7.489,7.537,7.597,7.814,7.88,7.464,7.45,7.446,7.475,7.462,7.523,7.537,7.69,7.693,7.483,7.45,7.626,7.673,7.559,7.557,7.559,7.544,7.482,7.485,7.487,7.509,7.493
1.761111111,7.493,7.489,7.537,7.597,7.814,7.879,7.464,7.45,7.445,7.475,7.462,7.523,7.537,7.69,7.693,7.483,7.45,7.626,7.674,7.559,7.557,7.559,7.544,7.481,7.485,7.487,7.509,7.494
1.7625,7.493,7.489,7.537,7.598,7.814,7.878,7.464,7.45,7.445,7.474,7.462,7.522,7.537,7.69,7.693,7.483,7.45,7.625,7.674,7.559,7.558,7.559,7.543,7.481,7.485,7.487,7.509,7.494
1.763888889,7.493,7.489,7.537,7.598,7.814,7.878,7.463,7.45,7.446,7.474,7.462,7.523,7.537,7.69,7.693,7.483,7.45,7.625,7.673,7.559,7.558,7.558,7.543,7.481,7.485,7.487,7.509,7.493
1.765277778,7.493,7.489,7.537,7.598,7.814,7.877,7.462,7.45,7.445,7.474,7.462,7.523,7.536,7.69,7.693,7.483,7.45,7.625,7.673,7.559,7.557,7.558,7.544,7.481,7.485,7.487,7.509,7.493
1.766666667,7.493,7.489,7.537,7.598,7.813,7.877,7.463,7.45,7.445,7.474,7.462,7.522,7.536,7.689,7.693,7.483,7.45,7.624,7.673,7.559,7.556,7.558,7.544,7.481,7.485,7.487,7.509,7.493
1.768055556,7.493,7.489,7.537,7.597,7.813,7.877,7.463,7.45,7.446,7.474,7.462,7.522,7.536,7.689,7.693,7.483,7.45,7.624,7.672,7.559,7.556,7.558,7.543,7.481,7.485,7.487,7.509,7.493
1.769444444,7.493,7.489,7.536,7.597,7.814,7.877,7.462,7.45,7.447,7.474,7.462,7.522,7.536,7.69,7.693,7.483,7.45,7.624,7.672,7.558,7.557,7.558,7.543,7.481,7.485,7.487,7.508,7.493
1.770833333,7.493,7.489,7.536,7.596,7.813,7.877,7.463,7.45,7.446,7.474,7.462,7.522,7.536,7.689,7.693,7.483,7.449,7.624,7.672,7.558,7.557,7.558,7.543,7.481,7.485,7.487,7.509,7.493
1.772222222,7.493,7.489,7.536,7.596,7.812,7.876,7.463,7.45,7.446,7.474,7.462,7.522,7.536,7.689,7.693,7.483,7.449,7.624,7.673,7.558,7.556,7.558,7.543,7.481,7.485,7.487,7.509,7.493
1.773611111,7.493,7.489,7.536,7.596,7.812,7.876,7.463,7.45,7.446,7.474,7.462,7.522,7.536,7.688,7.693,7.482,7.45,7.624,7.673,7.558,7.556,7.558,7.543,7.481,7.485,7.487,7.509,7.493
1.775,7.493,7.488,7.535,7.596,7.812,7.875,7.462,7.45,7.445,7.474,7.462,7.522,7.536,7.688,7.692,7.482,7.45,7.624,7.673,7.558,7.556,7.558,7.543,7.481,7.485,7.487,7.509,7.493
1.776388889,7.493,7.488,7.535,7.596,7.812,7.874,7.462,7.45,7.445,7.474,7.462,7.522,7.535,7.688,7.693,7.482,7.45,7.624,7.672,7.558,7.556,7.558,7.543,7.481,7.485,7.487,7.509,7.493
1.777777778,7.493,7.488,7.536,7.596,7.812,7.874,7.462,7.45,7.445,7.474,7.462,7.522,7.535,7.688,7.693,7.482,7.45,7.624,7.672,7.558,7.556,7.558,7.544,7.481,7.485,7.487,7.509,7.493
1.779166667,7.493,7.488,7.536,7.596,7.812,7.874,7.462,7.45,7.445,7.474,7.462,7.522,7.535,7.688,7.692,7.483,7.45,7.624,7.672,7.558,7.556,7.558,7.543,7.48,7.485,7.487,7.509,7.493
1.780555556,7.493,7.488,7.535,7.596,7.812,7.874,7.462,7.45,7.445,7.474,7.462,7.522,7.535,7.688,7.692,7.483,7.45,7.624,7.672,7.558,7.556,7.558,7.543,7.481,7.485,7.487,7.508,7.493
1.781944444,7.493,7.488,7.535,7.596,7.811,7.873,7.462,7.449,7.445,7.474,7.462,7.522,7.535,7.688,7.691,7.483,7.449,7.624,7.672,7.558,7.556,7.557,7.542,7.48,7.485,7.487,7.508,7.493
1.783333333,7.493,7.488,7.535,7.596,7.811,7.872,7.462,7.449,7.445,7.474,7.462,7.522,7.535,7.688,7.691,7.483,7.449,7.624,7.672,7.558,7.556,7.557,7.542,7.48,7.485,7.487,7.508,7.493
1.784722222,7.493,7.488,7.535,7.596,7.811,7.872,7.462,7.45,7.445,7.473,7.462,7.522,7.535,7.688,7.691,7.482,7.45,7.623,7.671,7.558,7.556,7.557,7.542,7.481,7.485,7.487,7.508,7.493
1.786111111,7.492,7.488,7.535,7.596,7.81,7.872,7.462,7.449,7.445,7.474,7.462,7.522,7.535,7.688,7.691,7.482,7.45,7.624,7.671,7.558,7.555,7.557,7.543,7.481,7.485,7.487,7.509,7.493
1.7875,7.491,7.488,7.535,7.595,7.81,7.872,7.462,7.449,7.445,7.474,7.462,7.522,7.536,7.688,7.691,7.481,7.449,7.624,7.67,7.558,7.556,7.557,7.542,7.48,7.485,7.487,7.508,7.493
1.788888889,7.492,7.488,7.535,7.595,7.81,7.871,7.462,7.449,7.445,7.473,7.462,7.522,7.536,7.688,7.691,7.481,7.449,7.623,7.67,7.558,7.555,7.557,7.542,7.48,7.485,7.487,7.508,7.492
1.790277778,7.492,7.488,7.535,7.595,7.81,7.871,7.462,7.449,7.445,7.473,7.462,7.522,7.536,7.688,7.691,7.481,7.448,7.622,7.671,7.557,7.556,7.557,7.542,7.481,7.485,7.487,7.508,7.492
1.791666667,7.491,7.488,7.535,7.595,7.81,7.871,7.462,7.448,7.445,7.474,7.462,7.521,7.535,7.688,7.691,7.481,7.449,7.622,7.671,7.558,7.556,7.558,7.542,7.481,7.485,7.487,7.508,7.493
1.793055556,7.491,7.488,7.535,7.594,7.81,7.871,7.462,7.448,7.445,7.473,7.462,7.521,7.535,7.688,7.691,7.481,7.449,7.622,7.67,7.558,7.556,7.558,7.542,7.481,7.485,7.487,7.507,7.493
1.794444444,7.491,7.488,7.535,7.594,7.81,7.87,7.462,7.449,7.445,7.474,7.462,7.521,7.535,7.687,7.691,7.481,7.448,7.622,7.67,7.557,7.555,7.557,7.542,7.481,7.485,7.486,7.508,7.493
1.795833333,7.491,7.488,7.534,7.594,7.809,7.869,7.462,7.449,7.445,7.474,7.461,7.522,7.535,7.687,7.691,7.482,7.448,7.622,7.67,7.557,7.555,7.557,7.542,7.48,7.485,7.486,7.508,7.493
1.797222222,7.491,7.488,7.534,7.594,7.809,7.869,7.462,7.449,7.445,7.473,7.461,7.522,7.535,7.687,7.691,7.481,7.448,7.622,7.671,7.557,7.555,7.557,7.542,7.48,7.485,7.486,7.508,7.492
1.798611111,7.491,7.488,7.535,7.594,7.809,7.868,7.462,7.449,7.445,7.472,7.461,7.521,7.534,7.687,7.691,7.481,7.448,7.622,7.671,7.557,7.555,7.556,7.542,7.48,7.485,7.485,7.509,7.492
1.8,7.491,7.488,7.535,7.594,7.808,7.869,7.462,7.448,7.445,7.473,7.461,7.521,7.535,7.687,7.691,7.481,7.448,7.622,7.67,7.556,7.554,7.556,7.542,7.48,7.484,7.486,7.508,7.492
1.801388889,7.491,7.488,7.534,7.594,7.808,7.868,7.462,7.448,7.445,7.473,7.461,7.521,7.535,7.688,7.69,7.481,7.448,7.622,7.67,7.556,7.554,7.557,7.542,7.48,7.485,7.486,7.507,7.492
1.802777778,7.491,7.488,7.534,7.594,7.808,7.868,7.462,7.448,7.445,7.472,7.461,7.521,7.535,7.687,7.69,7.482,7.448,7.622,7.67,7.556,7.554,7.556,7.542,7.48,7.484,7.486,7.507,7.492
1.804166667,7.491,7.488,7.534,7.594,7.808,7.867,7.462,7.448,7.444,7.472,7.461,7.521,7.535,7.687,7.69,7.482,7.448,7.622,7.67,7.556,7.554,7.556,7.542,7.48,7.484,7.486,7.507,7.492
1.805555556,7.491,7.488,7.533,7.594,7.808,7.866,7.462,7.448,7.445,7.472,7.46,7.521,7.534,7.687,7.69,7.481,7.448,7.622,7.67,7.556,7.555,7.556,7.542,7.48,7.485,7.486,7.507,7.491
1.806944444,7.491,7.488,7.533,7.594,7.808,7.866,7.462,7.448,7.444,7.472,7.46,7.521,7.534,7.686,7.69,7.481,7.448,7.622,7.67,7.556,7.555,7.556,7.542,7.48,7.485,7.486,7.507,7.491
1.808333333,7.491,7.487,7.533,7.594,7.808,7.866,7.462,7.448,7.444,7.473,7.461,7.521,7.533,7.686,7.69,7.481,7.448,7.622,7.669,7.556,7.554,7.556,7.542,7.48,7.484,7.485,7.507,7.491
1.809722222,7.491,7.487,7.533,7.593,7.808,7.866,7.462,7.448,7.444,7.473,7.461,7.521,7.534,7.686,7.69,7.481,7.448,7.622,7.669,7.556,7.554,7.556,7.541,7.48,7.485,7.485,7.507,7.491
1.811111111,7.491,7.487,7.533,7.593,7.807,7.865,7.461,7.448,7.445,7.472,7.46,7.521,7.534,7.686,7.69,7.481,7.448,7.622,7.669,7.556,7.554,7.556,7.54,7.48,7.484,7.485,7.507,7.491
1.8125,7.49,7.487,7.533,7.593,7.806,7.865,7.461,7.448,7.444,7.473,7.46,7.521,7.534,7.686,7.69,7.481,7.448,7.622,7.669,7.556,7.553,7.556,7.54,7.48,7.484,7.485,7.507,7.491
1.813888889,7.49,7.487,7.533,7.593,7.805,7.865,7.461,7.448,7.444,7.473,7.46,7.52,7.534,7.686,7.69,7.481,7.448,7.622,7.669,7.556,7.554,7.556,7.54,7.48,7.484,7.485,7.507,7.491
1.815277778,7.491,7.486,7.533,7.593,7.806,7.864,7.462,7.448,7.443,7.472,7.46,7.521,7.533,7.686,7.69,7.481,7.447,7.622,7.669,7.556,7.554,7.556,7.54,7.48,7.484,7.486,7.507,7.491
1.816666667,7.491,7.486,7.533,7.593,7.807,7.863,7.462,7.448,7.443,7.472,7.46,7.521,7.533,7.686,7.69,7.481,7.447,7.621,7.669,7.556,7.553,7.556,7.541,7.48,7.484,7.485,7.507,7.491
1.818055556,7.49,7.486,7.533,7.593,7.807,7.862,7.461,7.448,7.443,7.472,7.46,7.521,7.533,7.686,7.69,7.481,7.447,7.621,7.669,7.556,7.553,7.555,7.541,7.48,7.484,7.485,7.507,7.491
1.819444444,7.49,7.486,7.533,7.593,7.807,7.862,7.462,7.448,7.444,7.472,7.46,7.52,7.533,7.685,7.69,7.481,7.448,7.621,7.669,7.556,7.554,7.555,7.54,7.479,7.484,7.485,7.506,7.491
1.820833333,7.49,7.486,7.533,7.593,7.807,7.862,7.461,7.448,7.444,7.472,7.46,7.52,7.533,7.685,7.69,7.481,7.448,7.621,7.669,7.556,7.554,7.556,7.54,7.479,7.484,7.486,7.507,7.491
1.822222222,7.49,7.486,7.533,7.592,7.806,7.862,7.461,7.448,7.443,7.472,7.46,7.521,7.533,7.685,7.689,7.481,7.448,7.621,7.669,7.556,7.553,7.555,7.54,7.479,7.484,7.486,7.507,7.491
1.823611111,7.49,7.486,7.532,7.591,7.806,7.862,7.461,7.448,7.443,7.472,7.46,7.521,7.533,7.685,7.689,7.48,7.447,7.621,7.669,7.556,7.553,7.554,7.54,7.479,7.484,7.485,7.507,7.491
1.825,7.49,7.486,7.532,7.592,7.806,7.861,7.461,7.448,7.443,7.472,7.46,7.52,7.533,7.685,7.689,7.48,7.447,7.621,7.668,7.556,7.553,7.555,7.54,7.48,7.484,7.485,7.507,7.491
1.826388889,7.49,7.486,7.532,7.593,7.805,7.861,7.461,7.448,7.443,7.472,7.46,7.52,7.533,7.684,7.689,7.48,7.447,7.621,7.668,7.555,7.553,7.556,7.54,7.479,7.484,7.485,7.507,7.491
1.827777778,7.49,7.486,7.532,7.593,7.805,7.86,7.461,7.448,7.444,7.472,7.46,7.521,7.533,7.684,7.689,7.48,7.447,7.621,7.669,7.555,7.553,7.555,7.54,7.478,7.484,7.485,7.507,7.491
1.829166667,7.49,7.486,7.532,7.592,7.805,7.86,7.462,7.448,7.444,7.472,7.46,7.52,7.532,7.684,7.688,7.481,7.447,7.621,7.668,7.556,7.553,7.554,7.54,7.478,7.484,7.485,7.507,7.491
1.830555556,7.49,7.486,7.532,7.591,7.805,7.86,7.461,7.448,7.443,7.472,7.46,7.519,7.532,7.684,7.688,7.481,7.447,7.621,7.668,7.555,7.553,7.555,7.54,7.478,7.484,7.485,7.507,7.491
1.831944444,7.49,7.486,7.532,7.591,7.804,7.859,7.461,7.448,7.443,7.472,7.46,7.52,7.532,7.684,7.688,7.48,7.447,7.621,7.667,7.554,7.553,7.555,7.54,7.478,7.484,7.485,7.506,7.491
1.833333333,7.49,7.486,7.532,7.591,7.804,7.859,7.461,7.448,7.443,7.472,7.46,7.52,7.533,7.684,7.688,7.48,7.447,7.621,7.668,7.554,7.553,7.554,7.54,7.478,7.484,7.485,7.506,7.491
1.834722222,7.49,7.486,7.532,7.591,7.805,7.859,7.461,7.448,7.443,7.472,7.46,7.519,7.533,7.684,7.688,7.479,7.447,7.62,7.668,7.554,7.553,7.554,7.54,7.478,7.484,7.485,7.507,7.491
1.836111111,7.49,7.486,7.532,7.591,7.805,7.859,7.461,7.448,7.444,7.472,7.46,7.519,7.532,7.684,7.688,7.479,7.447,7.619,7.667,7.554,7.553,7.554,7.539,7.478,7.483,7.485,7.507,7.491
1.8375,7.49,7.486,7.532,7.591,7.804,7.858,7.461,7.447,7.444,7.472,7.46,7.519,7.532,7.683,7.688,7.479,7.447,7.619,7.667,7.554,7.553,7.554,7.539,7.478,7.483,7.485,7.507,7.491
1.838888889,7.49,7.486,7.532,7.591,7.804,7.857,7.461,7.447,7.443,7.472,7.46,7.519,7.532,7.684,7.688,7.479,7.447,7.619,7.668,7.554,7.553,7.554,7.539,7.478,7.484,7.485,7.506,7.491
1.840277778,7.49,7.486,7.532,7.591,7.804,7.857,7.461,7.447,7.443,7.472,7.46,7.519,7.532,7.684,7.687,7.479,7.446,7.619,7.667,7.554,7.552,7.554,7.539,7.478,7.484,7.485,7.505,7.491
1.841666667,7.49,7.486,7.532,7.591,7.804,7.857,7.461,7.447,7.443,7.472,7.459,7.519,7.532,7.684,7.688,7.479,7.446,7.619,7.667,7.554,7.552,7.554,7.539,7.478,7.483,7.484,7.505,7.49
1.843055556,7.49,7.486,7.531,7.591,7.804,7.856,7.461,7.447,7.443,7.471,7.459,7.519,7.532,7.684,7.688,7.479,7.446,7.62,7.667,7.554,7.552,7.554,7.539,7.478,7.483,7.484,7.505,7.49
1.844444444,7.49,7.485,7.531,7.591,7.803,7.856,7.461,7.447,7.443,7.471,7.46,7.519,7.532,7.683,7.687,7.479,7.446,7.619,7.667,7.554,7.553,7.554,7.539,7.478,7.484,7.484,7.505,7.491
1.845833333,7.49,7.485,7.531,7.591,7.803,7.856,7.461,7.447,7.443,7.471,7.46,7.519,7.532,7.683,7.687,7.479,7.446,7.619,7.667,7.554,7.552,7.554,7.539,7.478,7.484,7.484,7.505,7.491
1.847222222,7.49,7.485,7.531,7.591,7.803,7.855,7.461,7.447,7.443,7.471,7.459,7.519,7.532,7.683,7.688,7.479,7.446,7.619,7.667,7.554,7.552,7.554,7.539,7.478,7.484,7.484,7.506,7.491
1.848611111,7.489,7.486,7.531,7.59,7.803,7.855,7.461,7.447,7.443,7.472,7.459,7.519,7.532,7.683,7.687,7.479,7.446,7.619,7.667,7.554,7.553,7.554,7.539,7.478,7.483,7.485,7.506,7.49
1.85,7.489,7.485,7.531,7.59,7.803,7.855,7.461,7.447,7.443,7.471,7.459,7.519,7.532,7.683,7.686,7.479,7.447,7.619,7.667,7.554,7.552,7.554,7.539,7.478,7.483,7.485,7.507,7.49
1.851388889,7.489,7.484,7.531,7.59,7.802,7.855,7.461,7.447,7.443,7.471,7.459,7.519,7.532,7.683,7.686,7.479,7.446,7.619,7.666,7.554,7.551,7.554,7.539,7.478,7.484,7.484,7.506,7.49
1.852777778,7.489,7.484,7.531,7.59,7.802,7.854,7.46,7.447,7.442,7.472,7.459,7.519,7.532,7.683,7.686,7.479,7.446,7.619,7.666,7.554,7.552,7.553,7.539,7.477,7.483,7.483,7.505,7.491
1.854166667,7.488,7.484,7.531,7.59,7.802,7.853,7.46,7.447,7.443,7.472,7.459,7.519,7.531,7.683,7.687,7.479,7.446,7.619,7.665,7.554,7.551,7.553,7.539,7.477,7.483,7.484,7.505,7.49
1.855555556,7.488,7.484,7.531,7.589,7.802,7.853,7.461,7.447,7.443,7.472,7.459,7.519,7.531,7.683,7.687,7.479,7.445,7.619,7.665,7.553,7.551,7.553,7.538,7.477,7.483,7.484,7.505,7.49
1.856944444,7.488,7.484,7.531,7.59,7.802,7.852,7.461,7.447,7.443,7.471,7.459,7.519,7.531,7.683,7.686,7.479,7.446,7.619,7.666,7.552,7.551,7.554,7.538,7.478,7.483,7.484,7.505,7.49
1.858333333,7.488,7.484,7.53,7.59,7.802,7.852,7.461,7.447,7.443,7.471,7.459,7.518,7.531,7.683,7.686,7.479,7.446,7.619,7.666,7.552,7.551,7.554,7.539,7.478,7.483,7.484,7.505,7.49
1.859722222,7.488,7.484,7.53,7.589,7.802,7.851,7.46,7.447,7.443,7.471,7.459,7.518,7.53,7.683,7.686,7.479,7.446,7.618,7.665,7.552,7.551,7.554,7.538,7.478,7.482,7.484,7.505,7.49
1.861111111,7.488,7.484,7.53,7.589,7.801,7.851,7.46,7.447,7.442,7.471,7.459,7.518,7.53,7.683,7.685,7.479,7.446,7.618,7.665,7.553,7.551,7.553,7.537,7.478,7.482,7.484,7.505,7.49
1.8625,7.488,7.484,7.53,7.589,7.801,7.851,7.461,7.447,7.442,7.471,7.459,7.519,7.531,7.683,7.686,7.479,7.445,7.618,7.665,7.553,7.55,7.553,7.538,7.478,7.483,7.483,7.505,7.49
1.863888889,7.488,7.484,7.53,7.589,7.8,7.851,7.461,7.447,7.443,7.471,7.459,7.518,7.53,7.682,7.686,7.479,7.445,7.618,7.665,7.552,7.55,7.552,7.538,7.478,7.484,7.484,7.505,7.49
1.865277778,7.488,7.484,7.53,7.589,7.8,7.85,7.461,7.447,7.443,7.471,7.459,7.517,7.53,7.683,7.686,7.479,7.445,7.618,7.665,7.552,7.551,7.552,7.537,7.478,7.484,7.484,7.505,7.49
1.866666667,7.488,7.484,7.53,7.589,7.8,7.85,7.461,7.447,7.442,7.471,7.459,7.517,7.53,7.682,7.686,7.479,7.446,7.618,7.665,7.552,7.551,7.552,7.537,7.478,7.483,7.484,7.505,7.49
1.868055556,7.488,7.484,7.53,7.589,7.8,7.849,7.461,7.447,7.441,7.471,7.459,7.517,7.53,7.681,7.686,7.478,7.445,7.618,7.665,7.552,7.55,7.552,7.537,7.478,7.483,7.484,7.505,7.49
1.869444444,7.488,7.484,7.53,7.588,7.8,7.849,7.461,7.447,7.441,7.471,7.459,7.517,7.53,7.681,7.686,7.478,7.445,7.618,7.665,7.552,7.55,7.552,7.537,7.477,7.483,7.483,7.505,7.49
1.870833333,7.488,7.484,7.529,7.588,7.8,7.849,7.46,7.447,7.441,7.471,7.459,7.517,7.53,7.682,7.685,7.479,7.445,7.617,7.665,7.552,7.55,7.552,7.537,7.477,7.483,7.483,7.505,7.49
1.872222222,7.488,7.484,7.529,7.588,7.8,7.848,7.46,7.447,7.441,7.471,7.459,7.517,7.53,7.682,7.686,7.478,7.445,7.617,7.665,7.552,7.55,7.552,7.537,7.477,7.483,7.483,7.505,7.49
1.873611111,7.488,7.484,7.529,7.588,7.8,7.848,7.46,7.447,7.442,7.471,7.459,7.517,7.53,7.681,7.686,7.478,7.445,7.617,7.665,7.552,7.55,7.552,7.537,7.478,7.483,7.483,7.505,7.49
1.875,7.488,7.484,7.529,7.588,7.799,7.848,7.46,7.446,7.442,7.471,7.459,7.517,7.53,7.681,7.685,7.477,7.445,7.617,7.665,7.552,7.55,7.552,7.537,7.477,7.483,7.483,7.505,7.49
1.876388889,7.488,7.484,7.529,7.588,7.799,7.847,7.461,7.446,7.442,7.471,7.459,7.517,7.53,7.681,7.685,7.478,7.445,7.617,7.665,7.552,7.55,7.552,7.537,7.476,7.482,7.483,7.505,7.49
1.877777778,7.488,7.484,7.529,7.588,7.798,7.846,7.46,7.447,7.442,7.471,7.459,7.517,7.53,7.681,7.685,7.478,7.445,7.617,7.665,7.552,7.549,7.552,7.537,7.477,7.482,7.483,7.505,7.49
1.879166667,7.488,7.484,7.528,7.588,7.799,7.846,7.459,7.447,7.442,7.471,7.459,7.517,7.53,7.681,7.686,7.477,7.445,7.617,7.664,7.552,7.55,7.552,7.537,7.477,7.482,7.483,7.505,7.49
1.880555556,7.488,7.484,7.529,7.587,7.799,7.846,7.459,7.446,7.441,7.471,7.458,7.517,7.53,7.681,7.685,7.478,7.445,7.617,7.664,7.552,7.551,7.552,7.537,7.476,7.483,7.483,7.505,7.49
1.881944444,7.488,7.484,7.529,7.587,7.799,7.846,7.459,7.446,7.441,7.471,7.458,7.517,7.53,7.681,7.685,7.479,7.445,7.617,7.664,7.551,7.551,7.552,7.537,7.476,7.483,7.483,7.505,7.49
1.883333333,7.488,7.484,7.529,7.587,7.798,7.845,7.46,7.447,7.441,7.471,7.459,7.517,7.53,7.681,7.685,7.478,7.445,7.617,7.664,7.552,7.55,7.552,7.537,7.476,7.482,7.483,7.505,7.49
1.884722222,7.488,7.483,7.529,7.587,7.798,7.845,7.46,7.447,7.441,7.471,7.458,7.517,7.53,7.681,7.685,7.477,7.445,7.617,7.664,7.551,7.55,7.551,7.537,7.476,7.482,7.483,7.504,7.49
1.886111111,7.487,7.483,7.529,7.588,7.798,7.844,7.46,7.447,7.441,7.471,7.458,7.517,7.53,7.681,7.685,7.478,7.445,7.617,7.664,7.551,7.55,7.552,7.537,7.476,7.482,7.483,7.505,7.49
1.8875,7.487,7.483,7.528,7.587,7.798,7.844,7.46,7.447,7.441,7.47,7.459,7.517,7.53,7.68,7.685,7.478,7.444,7.617,7.664,7.551,7.55,7.552,7.537,7.476,7.482,7.483,7.505,7.49
1.888888889,7.487,7.482,7.528,7.587,7.798,7.843,7.46,7.446,7.441,7.47,7.459,7.517,7.529,7.68,7.684,7.477,7.444,7.616,7.664,7.551,7.549,7.552,7.536,7.476,7.482,7.483,7.505,7.49
1.890277778,7.487,7.482,7.528,7.587,7.797,7.843,7.459,7.446,7.441,7.471,7.458,7.517,7.529,7.68,7.684,7.477,7.445,7.616,7.664,7.551,7.549,7.551,7.536,7.476,7.482,7.483,7.504,7.49
1.891666667,7.486,7.482,7.528,7.586,7.797,7.843,7.459,7.446,7.441,7.47,7.458,7.517,7.53,7.68,7.684,7.477,7.444,7.616,7.664,7.551,7.549,7.551,7.535,7.476,7.482,7.483,7.504,7.49
1.893055556,7.486,7.482,7.528,7.587,7.797,7.842,7.459,7.446,7.441,7.47,7.458,7.517,7.53,7.679,7.684,7.477,7.444,7.616,7.664,7.551,7.549,7.552,7.535,7.476,7.482,7.483,7.504,7.489
1.894444444,7.486,7.482,7.528,7.586,7.797,7.841,7.459,7.446,7.441,7.47,7.459,7.516,7.529,7.68,7.684,7.477,7.445,7.616,7.664,7.551,7.549,7.552,7.536,7.476,7.482,7.483,7.504,7.489
1.895833333,7.486,7.482,7.528,7.586,7.797,7.842,7.459,7.447,7.441,7.47,7.459,7.516,7.528,7.68,7.685,7.477,7.444,7.616,7.663,7.551,7.549,7.551,7.537,7.476,7.482,7.483,7.504,7.489
1.897222222,7.486,7.482,7.528,7.587,7.797,7.842,7.459,7.447,7.441,7.47,7.459,7.517,7.529,7.679,7.684,7.477,7.443,7.616,7.663,7.551,7.549,7.551,7.536,7.476,7.482,7.483,7.504,7.489
1.898611111,7.486,7.482,7.528,7.586,7.797,7.841,7.459,7.446,7.441,7.47,7.458,7.517,7.529,7.679,7.683,7.477,7.443,7.616,7.663,7.551,7.548,7.551,7.535,7.476,7.482,7.483,7.504,7.488
1.9,7.486,7.482,7.528,7.586,7.797,7.841,7.459,7.445,7.441,7.47,7.457,7.517,7.528,7.679,7.683,7.477,7.443,7.616,7.664,7.551,7.548,7.551,7.535,7.476,7.482,7.483,7.504,7.489
1.901388889,7.486,7.482,7.528,7.586,7.797,7.841,7.459,7.445,7.441,7.469,7.457,7.516,7.528,7.679,7.683,7.477,7.443,7.616,7.663,7.551,7.549,7.551,7.535,7.476,7.482,7.483,7.504,7.489
1.902777778,7.486,7.482,7.528,7.586,7.797,7.841,7.459,7.446,7.441,7.47,7.457,7.516,7.528,7.679,7.683,7.477,7.443,7.616,7.662,7.551,7.549,7.551,7.535,7.476,7.482,7.483,7.504,7.489
1.904166667,7.486,7.482,7.528,7.586,7.796,7.839,7.459,7.446,7.441,7.47,7.457,7.516,7.529,7.679,7.683,7.477,7.443,7.616,7.662,7.55,7.549,7.551,7.535,7.475,7.482,7.483,7.504,7.489
1.905555556,7.486,7.482,7.528,7.586,7.795,7.839,7.459,7.446,7.44,7.47,7.457,7.515,7.529,7.679,7.683,7.477,7.443,7.616,7.662,7.549,7.549,7.551,7.535,7.475,7.482,7.483,7.504,7.489
1.906944444,7.486,7.482,7.527,7.586,7.795,7.839,7.459,7.446,7.441,7.47,7.458,7.515,7.528,7.679,7.683,7.476,7.443,7.616,7.662,7.549,7.548,7.551,7.535,7.475,7.482,7.483,7.504,7.488
1.908333333,7.486,7.482,7.527,7.585,7.795,7.839,7.459,7.445,7.441,7.47,7.458,7.515,7.528,7.679,7.683,7.477,7.443,7.616,7.662,7.55,7.548,7.551,7.535,7.475,7.482,7.483,7.504,7.488
1.909722222,7.486,7.482,7.527,7.586,7.795,7.838,7.459,7.445,7.441,7.47,7.457,7.515,7.528,7.679,7.683,7.477,7.443,7.615,7.662,7.55,7.549,7.551,7.535,7.475,7.482,7.483,7.504,7.488
1.911111111,7.486,7.482,7.527,7.586,7.795,7.838,7.459,7.446,7.441,7.469,7.457,7.515,7.528,7.679,7.683,7.477,7.443,7.614,7.662,7.55,7.549,7.551,7.535,7.475,7.482,7.483,7.504,7.488
1.9125,7.486,7.482,7.527,7.585,7.795,7.838,7.459,7.445,7.441,7.469,7.457,7.515,7.528,7.679,7.683,7.477,7.443,7.615,7.662,7.55,7.548,7.551,7.535,7.475,7.482,7.482,7.504,7.488
1.913888889,7.486,7.482,7.527,7.584,7.795,7.838,7.459,7.445,7.44,7.469,7.458,7.515,7.528,7.679,7.682,7.477,7.443,7.615,7.662,7.549,7.547,7.551,7.535,7.475,7.482,7.482,7.504,7.489
1.915277778,7.486,7.482,7.527,7.584,7.795,7.837,7.459,7.445,7.441,7.469,7.458,7.515,7.528,7.679,7.682,7.476,7.443,7.614,7.662,7.549,7.548,7.55,7.535,7.475,7.482,7.482,7.504,7.488
1.916666667,7.486,7.482,7.527,7.584,7.794,7.836,7.459,7.445,7.441,7.469,7.457,7.515,7.528,7.679,7.682,7.477,7.443,7.614,7.661,7.549,7.548,7.55,7.535,7.475,7.482,7.483,7.503,7.488
1.918055556,7.486,7.482,7.527,7.584,7.794,7.836,7.459,7.445,7.441,7.469,7.457,7.515,7.528,7.678,7.682,7.476,7.443,7.614,7.661,7.549,7.547,7.551,7.534,7.475,7.482,7.482,7.503,7.488
1.919444444,7.486,7.482,7.527,7.584,7.793,7.835,7.459,7.445,7.44,7.469,7.458,7.515,7.528,7.678,7.682,7.476,7.443,7.614,7.662,7.549,7.547,7.55,7.535,7.475,7.482,7.482,7.504,7.488
1.920833333,7.486,7.482,7.527,7.584,7.793,7.835,7.459,7.446,7.441,7.469,7.458,7.515,7.528,7.678,7.681,7.476,7.443,7.614,7.662,7.549,7.548,7.549,7.535,7.475,7.481,7.482,7.504,7.488
1.922222222,7.486,7.482,7.527,7.584,7.793,7.834,7.459,7.445,7.44,7.469,7.457,7.515,7.528,7.678,7.681,7.476,7.442,7.614,7.661,7.549,7.548,7.55,7.535,7.475,7.481,7.482,7.504,7.488
1.923611111,7.486,7.482,7.527,7.584,7.793,7.834,7.458,7.445,7.44,7.469,7.457,7.515,7.527,7.678,7.682,7.476,7.443,7.614,7.661,7.549,7.547,7.55,7.534,7.475,7.482,7.482,7.504,7.488
1.925,7.486,7.482,7.526,7.584,7.793,7.834,7.458,7.445,7.44,7.469,7.457,7.515,7.527,7.678,7.682,7.477,7.443,7.614,7.662,7.549,7.547,7.551,7.535,7.475,7.482,7.481,7.504,7.488
1.926388889,7.485,7.481,7.526,7.583,7.793,7.834,7.459,7.445,7.44,7.469,7.457,7.515,7.527,7.678,7.681,7.476,7.443,7.614,7.662,7.549,7.547,7.55,7.534,7.475,7.482,7.481,7.504,7.488
1.927777778,7.485,7.481,7.526,7.583,7.793,7.833,7.458,7.445,7.44,7.469,7.457,7.515,7.527,7.678,7.681,7.476,7.443,7.614,7.661,7.549,7.547,7.549,7.534,7.475,7.481,7.481,7.504,7.488
1.929166667,7.486,7.481,7.526,7.584,7.793,7.833,7.458,7.445,7.44,7.469,7.457,7.515,7.527,7.678,7.681,7.476,7.443,7.614,7.661,7.549,7.547,7.549,7.534,7.475,7.481,7.481,7.504,7.488
1.930555556,7.486,7.481,7.526,7.584,7.793,7.832,7.458,7.445,7.44,7.469,7.457,7.514,7.527,7.678,7.681,7.476,7.443,7.614,7.661,7.549,7.546,7.549,7.534,7.475,7.481,7.481,7.504,7.488
1.931944444,7.485,7.481,7.526,7.584,7.793,7.832,7.458,7.445,7.44,7.469,7.457,7.514,7.527,7.678,7.681,7.476,7.443,7.614,7.66,7.549,7.546,7.549,7.534,7.475,7.481,7.481,7.503,7.488
1.933333333,7.484,7.481,7.525,7.583,7.792,7.832,7.459,7.445,7.44,7.469,7.457,7.514,7.528,7.678,7.681,7.476,7.442,7.614,7.66,7.549,7.546,7.549,7.534,7.475,7.481,7.482,7.503,7.488
1.934722222,7.484,7.481,7.526,7.583,7.792,7.832,7.459,7.445,7.44,7.469,7.457,7.514,7.527,7.678,7.681,7.476,7.441,7.613,7.66,7.549,7.547,7.549,7.534,7.475,7.481,7.482,7.503,7.488
1.936111111,7.485,7.481,7.526,7.583,7.792,7.831,7.459,7.445,7.44,7.469,7.457,7.515,7.527,7.678,7.681,7.476,7.442,7.613,7.66,7.549,7.547,7.549,7.534,7.475,7.481,7.481,7.503,7.488
1.9375,7.485,7.481,7.526,7.583,7.792,7.831,7.458,7.445,7.44,7.469,7.457,7.515,7.527,7.677,7.681,7.476,7.443,7.614,7.66,7.548,7.547,7.549,7.534,7.475,7.482,7.481,7.503,7.488
1.938888889,7.484,7.481,7.525,7.583,7.791,7.831,7.458,7.445,7.44,7.469,7.457,7.514,7.527,7.677,7.681,7.476,7.443,7.614,7.66,7.548,7.546,7.549,7.534,7.474,7.481,7.481,7.504,7.488
1.940277778,7.484,7.481,7.525,7.583,7.791,7.831,7.458,7.445,7.44,7.469,7.457,7.514,7.527,7.678,7.681,7.476,7.442,7.614,7.66,7.548,7.546,7.549,7.533,7.475,7.48,7.481,7.504,7.488
1.941666667,7.484,7.481,7.525,7.583,7.791,7.829,7.457,7.445,7.44,7.469,7.457,7.514,7.527,7.677,7.681,7.476,7.441,7.613,7.66,7.548,7.546,7.549,7.533,7.475,7.48,7.481,7.503,7.487
1.943055556,7.484,7.481,7.525,7.583,7.791,7.829,7.457,7.445,7.44,7.469,7.457,7.514,7.527,7.677,7.681,7.476,7.441,7.612,7.66,7.548,7.546,7.549,7.533,7.474,7.481,7.481,7.502,7.487
1.944444444,7.484,7.481,7.525,7.583,7.79,7.829,7.458,7.445,7.44,7.469,7.457,7.514,7.526,7.677,7.68,7.475,7.441,7.612,7.66,7.548,7.546,7.549,7.533,7.474,7.481,7.481,7.503,7.487
1.945833333,7.484,7.481,7.525,7.583,7.79,7.828,7.459,7.445,7.44,7.469,7.456,7.514,7.526,7.677,7.68,7.475,7.441,7.612,7.66,7.548,7.546,7.549,7.533,7.474,7.481,7.481,7.503,7.488
1.947222222,7.484,7.481,7.525,7.583,7.79,7.828,7.458,7.445,7.439,7.469,7.456,7.514,7.526,7.676,7.68,7.476,7.442,7.612,7.659,7.548,7.546,7.549,7.533,7.473,7.48,7.481,7.502,7.488
1.948611111,7.484,7.481,7.525,7.583,7.79,7.828,7.457,7.445,7.439,7.468,7.456,7.514,7.526,7.677,7.679,7.476,7.442,7.612,7.659,7.548,7.546,7.549,7.533,7.474,7.481,7.481,7.502,7.488
1.95,7.484,7.481,7.525,7.582,7.79,7.828,7.458,7.444,7.44,7.468,7.456,7.514,7.526,7.676,7.679,7.476,7.441,7.612,7.659,7.547,7.545,7.549,7.533,7.474,7.482,7.481,7.502,7.488
1.951388889,7.484,7.481,7.525,7.582,7.79,7.828,7.458,7.444,7.44,7.468,7.457,7.514,7.526,7.676,7.679,7.476,7.441,7.612,7.659,7.547,7.546,7.549,7.532,7.474,7.481,7.481,7.502,7.487
1.952777778,7.484,7.481,7.525,7.582,7.79,7.827,7.457,7.445,7.44,7.468,7.457,7.514,7.526,7.676,7.68,7.476,7.441,7.612,7.659,7.547,7.546,7.549,7.532,7.474,7.481,7.481,7.502,7.487
1.954166667,7.484,7.481,7.525,7.582,7.79,7.827,7.457,7.445,7.439,7.469,7.456,7.514,7.526,7.676,7.679,7.475,7.441,7.612,7.658,7.547,7.546,7.548,7.532,7.475,7.48,7.481,7.502,7.488
1.955555556,7.484,7.481,7.525,7.582,7.79,7.826,7.457,7.444,7.438,7.469,7.456,7.514,7.526,7.676,7.679,7.475,7.441,7.612,7.659,7.547,7.546,7.548,7.533,7.474,7.48,7.481,7.502,7.487
1.956944444,7.484,7.481,7.524,7.581,7.79,7.826,7.457,7.444,7.439,7.469,7.456,7.514,7.526,7.676,7.679,7.476,7.441,7.612,7.66,7.547,7.546,7.549,7.533,7.473,7.48,7.481,7.502,7.487
1.958333333,7.484,7.481,7.524,7.581,7.79,7.826,7.458,7.445,7.439,7.469,7.456,7.514,7.526,7.676,7.679,7.475,7.441,7.612,7.659,7.547,7.546,7.548,7.532,7.473,7.48,7.481,7.502,7.487
1.959722222,7.484,7.481,7.524,7.581,7.79,7.826,7.458,7.445,7.44,7.469,7.456,7.514,7.526,7.676,7.679,7.474,7.441,7.612,7.659,7.547,7.545,7.548,7.532,7.473,7.48,7.481,7.502,7.487
1.961111111,7.484,7.481,7.523,7.581,7.789,7.825,7.457,7.445,7.44,7.469,7.456,7.513,7.525,7.676,7.679,7.475,7.441,7.612,7.658,7.547,7.545,7.548,7.532,7.474,7.48,7.481,7.502,7.487
1.9625,7.484,7.481,7.524,7.581,7.788,7.824,7.457,7.445,7.44,7.469,7.456,7.513,7.525,7.676,7.679,7.474,7.441,7.612,7.658,7.546,7.545,7.548,7.532,7.474,7.48,7.481,7.502,7.488
1.963888889,7.484,7.481,7.525,7.581,7.788,7.824,7.457,7.444,7.44,7.469,7.456,7.513,7.525,7.676,7.679,7.474,7.441,7.612,7.658,7.546,7.545,7.548,7.532,7.473,7.48,7.481,7.502,7.487
1.965277778,7.483,7.481,7.524,7.581,7.788,7.824,7.457,7.444,7.44,7.469,7.456,7.514,7.525,7.676,7.679,7.474,7.441,7.612,7.658,7.547,7.544,7.548,7.532,7.473,7.48,7.481,7.502,7.486
1.966666667,7.483,7.481,7.524,7.581,7.788,7.824,7.457,7.444,7.44,7.469,7.456,7.514,7.525,7.676,7.679,7.475,7.441,7.611,7.658,7.547,7.544,7.547,7.532,7.473,7.48,7.481,7.502,7.487
1.968055556,7.484,7.481,7.524,7.581,7.788,7.824,7.458,7.444,7.44,7.469,7.456,7.513,7.525,7.675,7.678,7.475,7.441,7.612,7.658,7.547,7.545,7.548,7.532,7.473,7.48,7.481,7.502,7.487
1.969444444,7.484,7.48,7.523,7.581,7.788,7.823,7.458,7.444,7.44,7.469,7.456,7.512,7.525,7.675,7.679,7.474,7.441,7.612,7.658,7.547,7.546,7.548,7.532,7.473,7.48,7.481,7.502,7.486
1.970833333,7.484,7.48,7.524,7.58,7.788,7.822,7.458,7.443,7.44,7.469,7.455,7.512,7.525,7.676,7.679,7.475,7.441,7.611,7.658,7.547,7.545,7.547,7.531,7.473,7.48,7.481,7.502,7.487
1.972222222,7.484,7.48,7.524,7.58,7.788,7.822,7.457,7.444,7.44,7.469,7.455,7.512,7.525,7.675,7.679,7.475,7.441,7.611,7.658,7.547,7.544,7.547,7.532,7.473,7.48,7.481,7.502,7.488
1.973611111,7.483,7.481,7.524,7.58,7.788,7.821,7.457,7.444,7.44,7.469,7.455,7.512,7.525,7.675,7.678,7.474,7.441,7.611,7.658,7.546,7.544,7.547,7.532,7.473,7.48,7.481,7.502,7.487
1.975,7.483,7.48,7.523,7.58,7.787,7.822,7.457,7.443,7.439,7.469,7.455,7.512,7.525,7.675,7.678,7.474,7.441,7.611,7.658,7.546,7.544,7.547,7.531,7.473,7.48,7.481,7.502,7.487
1.976388889,7.483,7.479,7.523,7.58,7.787,7.821,7.457,7.443,7.439,7.468,7.455,7.512,7.525,7.674,7.678,7.474,7.441,7.611,7.658,7.546,7.544,7.547,7.531,7.473,7.48,7.48,7.502,7.487
1.977777778,7.483,7.479,7.523,7.58,7.787,7.821,7.457,7.443,7.439,7.468,7.455,7.513,7.525,7.674,7.678,7.474,7.441,7.611,7.658,7.546,7.544,7.547,7.531,7.473,7.48,7.48,7.502,7.486
1.979166667,7.483,7.479,7.523,7.58,7.787,7.82,7.457,7.443,7.439,7.468,7.455,7.513,7.524,7.675,7.678,7.474,7.44,7.611,7.657,7.546,7.544,7.547,7.531,7.473,7.48,7.481,7.502,7.486
1.980555556,7.483,7.479,7.523,7.58,7.787,7.82,7.457,7.443,7.438,7.468,7.455,7.513,7.524,7.675,7.678,7.474,7.44,7.611,7.657,7.546,7.544,7.547,7.532,7.473,7.48,7.48,7.502,7.486
1.981944444,7.483,7.479,7.523,7.58,7.786,7.82,7.457,7.443,7.439,7.467,7.455,7.512,7.525,7.674,7.678,7.474,7.44,7.611,7.657,7.546,7.544,7.547,7.531,7.473,7.48,7.48,7.502,7.486
1.983333333,7.483,7.479,7.523,7.579,7.786,7.819,7.457,7.443,7.439,7.468,7.455,7.512,7.525,7.674,7.678,7.474,7.44,7.611,7.657,7.546,7.544,7.546,7.53,7.473,7.48,7.48,7.502,7.486
1.984722222,7.483,7.479,7.523,7.579,7.786,7.819,7.457,7.443,7.44,7.468,7.455,7.512,7.525,7.674,7.678,7.474,7.44,7.611,7.657,7.546,7.543,7.546,7.53,7.473,7.48,7.481,7.501,7.487
1.986111111,7.483,7.479,7.523,7.579,7.785,7.819,7.457,7.443,7.44,7.467,7.455,7.512,7.524,7.674,7.678,7.474,7.44,7.611,7.657,7.546,7.543,7.547,7.53,7.473,7.48,7.481,7.502,7.487
1.9875,7.483,7.479,7.523,7.579,7.785,7.818,7.457,7.443,7.44,7.468,7.455,7.512,7.524,7.674,7.678,7.474,7.44,7.611,7.657,7.546,7.544,7.546,7.53,7.473,7.479,7.48,7.502,7.486
1.988888889,7.483,7.479,7.523,7.579,7.786,7.818,7.457,7.443,7.439,7.468,7.455,7.512,7.524,7.674,,7.474,7.44,7.611,7.657,7.546,7.544,7.547,7.53,7.473,7.48,7.48,7.502,7.486
1.990277778,7.483,7.479,7.523,7.579,7.785,7.817,7.457,7.443,7.439,7.468,7.455,7.512,7.525,7.674,,7.474,7.44,7.611,7.657,7.546,7.544,7.546,7.53,7.473,7.48,7.48,7.502,7.486
1.991666667,7.483,7.479,7.523,7.579,7.785,7.817,7.457,7.443,7.44,7.467,7.455,7.512,7.524,7.674,,7.474,7.441,7.611,7.657,7.546,7.544,7.546,7.53,7.473,7.48,7.48,7.502,7.486
1.993055556,7.483,7.479,7.523,7.579,7.785,7.817,7.457,7.443,7.439,7.467,7.455,7.512,7.524,7.674,,7.474,7.44,7.61,7.657,7.545,7.544,7.546,7.53,7.473,7.48,7.48,7.502,7.486
1.994444444,7.483,7.479,7.522,7.579,7.785,7.817,7.457,7.443,7.438,7.467,7.455,7.512,7.523,7.673,,7.474,7.44,7.61,7.656,7.545,7.544,7.546,7.53,7.473,7.48,7.48,7.502,7.486
1.995833333,7.483,7.479,7.522,,7.785,7.816,7.456,7.443,7.439,7.467,7.455,7.512,7.523,7.673,,7.474,7.44,7.611,7.656,7.546,7.543,7.546,7.53,7.473,7.48,7.48,7.502,7.486
1.997222222,7.483,7.479,7.523,,,7.815,7.456,7.443,7.439,7.467,7.455,7.512,7.524,7.673,,7.474,7.44,7.611,7.657,7.545,7.543,7.546,7.53,7.473,7.48,7.48,7.502,7.486
1.998611111,7.483,7.479,7.523,,,7.815,7.456,7.443,7.438,7.467,7.455,7.511,7.525,7.673,,7.474,7.44,,7.657,7.544,7.544,7.546,7.53,7.473,7.48,7.48,7.502,7.486
2,7.483,7.479,,,,7.815,7.456,7.443,7.438,7.467,7.455,7.511,7.524,7.673,,7.474,7.44,,7.657,7.544,7.543,7.546,7.53,7.456,7.48,7.48,7.502,
2.001388889,7.483,7.479,,,,7.814,7.456,7.443,7.439,7.467,7.455,7.511,7.524,7.673,,7.474,7.44,,7.657,7.544,7.542,7.546,7.53,7.457,7.48,7.48,7.502,
2.002777778,7.483,7.479,,,,7.814,7.456,7.443,7.439,7.467,7.455,7.511,7.524,7.672,,7.474,7.44,,7.657,7.544,7.543,7.546,7.53,,7.479,7.48,7.502,
2.004166667,7.483,7.479,,,,7.814,7.456,7.443,7.439,7.467,7.455,7.512,7.524,7.673,,7.474,7.44,,7.656,7.544,7.543,7.546,7.53,,7.479,7.479,7.501,
2.005555556,7.483,7.479,,,,,7.456,7.443,7.438,7.467,7.455,7.512,7.523,7.673,,7.473,7.44,,7.655,7.544,7.543,7.546,7.53,,7.479,7.48,,
2.006944444,7.483,7.479,,,,,7.456,7.443,7.439,,7.455,7.512,7.523,7.672,,7.473,7.44,,7.655,7.544,7.542,7.546,7.53,,7.48,7.48,,
2.008333333,7.482,7.479,,,,,7.456,7.443,7.439,,7.455,7.511,7.524,7.672,,7.473,7.44,,7.655,7.544,7.542,7.546,7.53,,7.479,7.48,,
2.009722222,7.483,,,,,,7.456,7.443,,,7.455,7.51,7.524,7.672,,,7.44,,7.655,7.544,7.542,7.546,7.53,,7.479,7.48,,
2.011111111,7.483,,,,,,7.457,,,,7.455,7.51,7.523,7.672,,,7.44,,7.656,7.544,7.542,7.546,7.53,,7.479,7.48,,
2.0125,7.482,,,,,,,,,,7.455,7.51,7.523,7.672,,,7.44,,7.656,7.544,7.542,7.546,7.53,,7.48,7.48,,
2.013888889,7.482,,,,,,,,,,7.455,7.511,7.523,7.672,,,7.439,,7.655,7.544,7.542,7.546,7.53,,7.479,7.48,,
2.015277778,7.482,,,,,,,,,,7.455,7.511,7.523,7.672,,,7.438,,7.655,7.544,7.542,7.546,7.53,,7.479,7.48,,
2.016666667,7.481,,,,,,,,,,7.455,7.51,7.523,7.672,,,7.439,,7.655,7.544,7.542,7.546,7.529,,7.479,7.48,,
2.018055556,7.481,,,,,,,,,,7.455,7.51,7.523,7.672,,,7.44,,7.655,7.544,7.542,7.546,7.529,,7.479,7.48,,
2.019444444,7.481,,,,,,,,,,7.455,7.51,7.523,7.672,,,7.44,,7.655,7.544,7.542,7.546,7.53,,7.479,7.48,,
2.020833333,7.481,,,,,,,,,,7.455,,7.523,7.672,,,7.439,,7.655,7.544,7.542,7.545,,,7.479,,,
2.022222222,7.481,,,,,,,,,,7.454,,7.523,7.672,,,7.438,,7.655,7.543,7.542,7.545,,,7.479,,,
2.023611111,7.481,,,,,,,,,,7.455,,7.523,7.672,,,7.438,,7.655,7.542,7.542,7.545,,,7.479,,,
2.025,7.481,,,,,,,,,,7.455,,7.523,7.672,,,7.438,,7.655,7.543,7.542,7.546,,,7.479,,,
2.026388889,7.481,,,,,,,,,,7.455,,7.523,,,,7.439,,7.655,7.543,7.542,7.545,,,7.479,,,
2.027777778,7.481,,,,,,,,,,7.455,,7.523,,,,7.44,,7.655,7.543,7.542,7.544,,,7.479,,,
2.029166667,7.481,,,,,,,,,,7.454,,7.523,,,,7.439,,7.655,7.544,7.541,7.544,,,7.479,,,
2.030555556,7.481,,,,,,,,,,7.454,,7.523,,,,7.438,,,7.544,7.541,7.544,,,7.479,,,
2.031944444,7.481,,,,,,,,,,7.454,,7.522,,,,7.438,,,7.543,7.542,7.544,,,7.479,,,
2.033333333,7.481,,,,,,,,,,7.454,,7.521,,,,7.438,,,7.542,7.541,7.544,,,7.479,,,
2.034722222,7.481,,,,,,,,,,7.454,,7.521,,,,7.438,,,7.542,7.541,7.544,,,7.479,,,
2.036111111,,,,,,,,,,,7.454,,7.521,,,,7.438,,,7.542,7.541,7.544,,,7.479,,,
2.0375,,,,,,,,,,,7.454,,7.522,,,,7.438,,,7.542,7.541,7.544,,,7.479,,,
2.038888889,,,,,,,,,,,7.455,,7.523,,,,7.438,,,7.542,7.541,7.544,,,7.479,,,
2.040277778,,,,,,,,,,,7.454,,,,,,7.438,,,7.542,7.541,7.545,,,7.479,,,
2.041666667,,,,,,,,,,,7.454,,,,,,7.438,,,7.542,7.541,7.544,,,7.479,,,
2.043055556,,,,,,,,,,,7.453,,,,,,7.438,,,7.542,7.541,7.544,,,7.479,,,
2.044444444,,,,,,,,,,,7.453,,,,,,7.438,,,7.542,7.541,7.544,,,7.479,,,
2.045833333,,,,,,,,,,,7.453,,,,,,7.438,,,7.542,7.541,7.543,,,7.479,,,
2.047222222,,,,,,,,,,,7.453,,,,,,7.438,,,7.542,7.541,7.543,,,7.479,,,
2.048611111,,,,,,,,,,,7.454,,,,,,7.438,,,7.541,7.54,7.544,,,7.479,,,
2.05,,,,,,,,,,,7.455,,,,,,7.438,,,7.542,7.54,7.544,,,7.479,,,
2.051388889,,,,,,,,,,,7.455,,,,,,7.438,,,7.542,7.54,7.544,,,7.479,,,
2.052777778,,,,,,,,,,,7.454,,,,,,7.438,,,7.541,7.54,7.544,,,7.479,,,
2.054166667,,,,,,,,,,,7.453,,,,,,7.438,,,7.541,7.541,,,,7.479,,,
2.055555556,,,,,,,,,,,7.453,,,,,,7.438,,,7.541,7.541,,,,7.479,,,
2.056944444,,,,,,,,,,,7.453,,,,,,7.438,,,7.541,7.54,,,,7.479,,,
2.058333333,,,,,,,,,,,7.453,,,,,,7.438,,,7.542,7.54,,,,7.479,,,
2.059722222,,,,,,,,,,,7.454,,,,,,7.438,,,7.541,7.539,,,,7.478,,,
2.061111111,,,,,,,,,,,7.454,,,,,,7.438,,,7.541,7.539,,,,7.478,,,
2.0625,,,,,,,,,,,7.453,,,,,,7.437,,,7.541,7.54,,,,7.479,,,
2.063888889,,,,,,,,,,,7.454,,,,,,7.437,,,7.541,7.54,,,,7.478,,,
2.065277778,,,,,,,,,,,7.454,,,,,,7.438,,,7.541,7.539,,,,7.478,,,
2.066666667,,,,,,,,,,,7.453,,,,,,7.438,,,7.541,7.54,,,,7.479,,,
2.068055556,,,,,,,,,,,7.453,,,,,,7.437,,,7.541,7.54,,,,7.478,,,
2.069444444,,,,,,,,,,,7.453,,,,,,7.437,,,7.541,7.539,,,,7.478,,,
2.070833333,,,,,,,,,,,7.453,,,,,,7.437,,,7.541,7.539,,,,7.478,,,
2.072222222,,,,,,,,,,,7.453,,,,,,7.437,,,7.541,7.539,,,,7.477,,,
2.073611111,,,,,,,,,,,7.453,,,,,,7.437,,,7.541,7.539,,,,7.477,,,
2.075,,,,,,,,,,,7.452,,,,,,7.437,,,7.54,,,,,7.478,,,
2.076388889,,,,,,,,,,,7.453,,,,,,7.436,,,7.54,,,,,7.479,,,
2.077777778,,,,,,,,,,,7.453,,,,,,7.436,,,7.541,,,,,7.478,,,
2.079166667,,,,,,,,,,,7.453,,,,,,7.436,,,7.541,,,,,7.478,,,
2.080555556,,,,,,,,,,,7.453,,,,,,7.436,,,7.541,,,,,7.478,,,
2.081944444,,,,,,,,,,,7.453,,,,,,7.436,,,7.54,,,,,7.477,,,
2.083333333,,,,,,,,,,,7.453,,,,,,7.436,,,7.539,,,,,7.477,,,
2.084722222,,,,,,,,,,,7.453,,,,,,7.436,,,7.54,,,,,7.478,,,
2.086111111,,,,,,,,,,,7.453,,,,,,7.436,,,7.541,,,,,7.478,,,
2.0875,,,,,,,,,,,7.453,,,,,,7.436,,,7.541,,,,,7.477,,,
2.088888889,,,,,,,,,,,7.453,,,,,,7.436,,,7.54,,,,,7.477,,,
2.090277778,,,,,,,,,,,7.453,,,,,,7.436,,,7.54,,,,,,,,
2.091666667,,,,,,,,,,,7.453,,,,,,7.436,,,7.539,,,,,,,,
2.093055556,,,,,,,,,,,7.453,,,,,,7.436,,,7.539,,,,,,,,
2.094444444,,,,,,,,,,,7.453,,,,,,7.436,,,7.539,,,,,,,,
2.095833333,,,,,,,,,,,7.453,,,,,,7.436,,,7.539,,,,,,,,
2.097222222,,,,,,,,,,,7.452,,,,,,7.436,,,7.539,,,,,,,,
2.098611111,,,,,,,,,,,7.453,,,,,,7.436,,,7.539,,,,,,,,
2.1,,,,,,,,,,,7.452,,,,,,7.436,,,7.539,,,,,,,,
2.101388889,,,,,,,,,,,7.452,,,,,,7.436,,,,,,,,,,,
2.102777778,,,,,,,,,,,7.453,,,,,,7.436,,,,,,,,,,,
2.104166667,,,,,,,,,,,7.452,,,,,,7.436,,,,,,,,,,,
2.105555556,,,,,,,,,,,7.453,,,,,,7.436,,,,,,,,,,,
2.106944444,,,,,,,,,,,7.453,,,,,,7.436,,,,,,,,,,,
2.108333333,,,,,,,,,,,7.453,,,,,,7.436,,,,,,,,,,,
2.109722222,,,,,,,,,,,7.453,,,,,,7.436,,,,,,,,,,,
2.111111111,,,,,,,,,,,7.452,,,,,,7.436,,,,,,,,,,,
2.1125,,,,,,,,,,,7.452,,,,,,7.436,,,,,,,,,,,
2.113888889,,,,,,,,,,,7.452,,,,,,7.436,,,,,,,,,,,
2.115277778,,,,,,,,,,,7.452,,,,,,7.436,,,,,,,,,,,
2.116666667,,,,,,,,,,,7.452,,,,,,7.435,,,,,,,,,,,
2.118055556,,,,,,,,,,,7.452,,,,,,7.436,,,,,,,,,,,
2.119444444,,,,,,,,,,,7.452,,,,,,7.435,,,,,,,,,,,
2.120833333,,,,,,,,,,,7.452,,,,,,7.436,,,,,,,,,,,
2.122222222,,,,,,,,,,,7.452,,,,,,7.435,,,,,,,,,,,
2.123611111,,,,,,,,,,,7.452,,,,,,7.435,,,,,,,,,,,
2.125,,,,,,,,,,,7.452,,,,,,7.435,,,,,,,,,,,
2.126388889,,,,,,,,,,,7.452,,,,,,7.435,,,,,,,,,,,
2.127777778,,,,,,,,,,,7.452,,,,,,7.435,,,,,,,,,,,
2.129166667,,,,,,,,,,,7.452,,,,,,7.435,,,,,,,,,,,
2.130555556,,,,,,,,,,,7.452,,,,,,7.435,,,,,,,,,,,
2.131944444,,,,,,,,,,,,,,,,,7.435,,,,,,,,,,,
2.133333333,,,,,,,,,,,,,,,,,7.435,,,,,,,,,,,
2.134722222,,,,,,,,,,,,,,,,,7.435,,,,,,,,,,,
2.136111111,,,,,,,,,,,,,,,,,7.435,,,,,,,,,,,
2.1375,,,,,,,,,,,,,,,,,7.435,,,,,,,,,,,
2.138888889,,,,,,,,,,,,,,,,,7.435,,,,,,,,,,,
2.140277778,,,,,,,,,,,,,,,,,7.435,,,,,,,,,,,
2.141666667,,,,,,,,,,,,,,,,,7.435,,,,,,,,,,,
2.143055556,,,,,,,,,,,,,,,,,7.435,,,,,,,,,,,
